id;nom;pays;region;localite;remontees;km_pistes;bas_m;sommet_m;lat;lon;site_officiel_connu;page_tarifs_trouvee;manque;raison;photo_url;photo_legende;forfait_jour_adulte;devise;periode;source;note
ad-canaro;Canaro;Andorre;;El Pas de la Casa;24;24.9;1716;2500;42.54911;1.67355;https://www.grandvalira.com/;;forfait;site refusé (robots.txt ou 429);;;;;;;
al-ski-pista-bigell-dardhe;Ski Pista Bigëll – Dardhë;Albanie;Korçë;;2;1.1;1592;1678;40.51897;20.79846;https://www.facebook.com/SkiPistaBigell/wall/;;photo et forfait;site injoignable (400);;;;;;;
am-jermuk;Jermuk;Arménie;Vayots' Dzor;;1;0;2098;2424;39.83170;45.67902;;;photo et forfait;aucun site web connu (OpenSkiMap n'en publie pas);;;;;;;
am-myler-mountain-resort;Myler Mountain Resort;Arménie;Aragatsotn;;3;8.9;1994;2798;40.50595;44.47941;https://myler.am/en/;;forfait;site visité, rien d'exploitable dans ses métadonnées ni ses tableaux;;;;;;;
am-tsaghkadzor-ski-resort;Ծաղկաձոր լեռնադահուկային առողջարան, Tsaghkadzor Ski resort;Arménie;Kotayk';;6;22.2;1972;2817;40.53097;44.67260;https://ropeway.am/online/;;photo et forfait;site injoignable (404);;;;;;;
at-bad-kleinkirchheim-468169m137834;Bad Kleinkirchheim;Autriche;Carinthia;;0;0;;;46.81692;13.78335;https://www.badkleinkirchheim.at/;;forfait;site visité, rien d'exploitable dans ses métadonnées ni ses tableaux;;;;;;;
at-bergbahn-weissensee;Bergbahn Weissensee;Autriche;Carinthia;;5;5.1;932;1365;46.70977;13.28057;https://www.weissensee.com/de/Winter-World/Sun-Ski-World/Skigebiet-Weissensee;https://www.weissensee.com/de/Summer-World/Hike-World/Sommerbergbahn/Tickets-Preise;forfait;site visité, rien d'exploitable dans ses métadonnées ni ses tableaux;;;;;;;
at-brandtnerlifte;Brandtnerlifte;Autriche;Upper Austria;;1;0.8;421;516;48.41514;13.97977;https://ski-hartkirchen.com/?page_id=65;;photo;site visité, rien d'exploitable dans ses métadonnées ni ses tableaux;;;;;;;
at-brenneralm;Brenneralm;Autriche;Lower Austria;;1;0;368;456;48.12920;16.14212;https://www.skilift-breitenfurt.com/;;forfait;site visité, rien d'exploitable dans ses métadonnées ni ses tableaux;;;;;;;
at-bungerloch;Bungerloch;Autriche;Tyrol;;1;0.3;840;944;47.26794;10.75308;;;photo et forfait;aucun site web connu (OpenSkiMap n'en publie pas);;;;;;;
at-dachsteiner-gletscher;Dachsteiner Gletscher;Autriche;Styria;;1;13.9;1692;2687;47.50022;13.63854;;;forfait;aucun site web connu (OpenSkiMap n'en publie pas);;;;;;;
at-damuls;Damüls;Autriche;Vorarlberg;Damüls;16;59.1;1376;2021;47.30802;9.87406;https://www.damuels-mellau.at/;;photo et forfait;site visité, rien d'exploitable dans ses métadonnées ni ses tableaux;;;;;;;
at-embach;Embach;Autriche;Salzburg;;2;3.2;1009;1290;47.28590;12.99787;;;photo et forfait;aucun site web connu (OpenSkiMap n'en publie pas);;;;;;;
at-embergeralm;Embergeralm;Autriche;Carinthia;;5;4.8;1659;2110;46.77617;13.15175;https://www.embergeralm.info/;https://www.embergeralm.info/liftpreise_D.php;forfait;site visité, rien d'exploitable dans ses métadonnées ni ses tableaux;;;;;;;
at-familienschiberg-st-jakob-im-walde;Familienschiberg St. Jakob im Walde;Autriche;Styria;;3;2.6;1010;1190;47.47899;15.78483;https://www.familienschiberg.at;;photo et forfait;site refusé (robots.txt ou 429);;;;;;;
at-feistritzsattel;Feistritzsattel;Autriche;Lower Austria;;1;1.2;1118;1282;47.57613;15.85273;https://feistritzsattel.at/;;forfait;site visité, rien d'exploitable dans ses métadonnées ni ses tableaux;;;;;;;
at-flirsch;Flirsch;Autriche;Tyrol;;0;0.3;1158;1218;47.15099;10.40836;;;photo et forfait;aucun site web connu (OpenSkiMap n'en publie pas);;;;;;;
at-forsteralm;Forsteralm;Autriche;Upper Austria;;0;0;;;47.89102;14.76082;https://www.forsteralm.com/;;forfait;site visité, rien d'exploitable dans ses métadonnées ni ses tableaux;;;;;;;
at-furx;Furx;Autriche;Vorarlberg;;0;0;;;47.27874;9.69512;;;forfait;aucun site web connu (OpenSkiMap n'en publie pas);;;;;;;
at-galtwiesenlift;Galtwiesenlift;Autriche;Tyrol;;2;0.8;1185;1267;47.19407;10.78155;https://www.galtwiese.at/;;photo et forfait;site visité, rien d'exploitable dans ses métadonnées ni ses tableaux;;;;;;;
at-gargellen;Gargellen;Autriche;Vorarlberg;;8;26.7;1427;2272;46.95944;9.90346;https://www.montafon.at/bergbahnen-gargellen;;forfait;site refusé (robots.txt ou 429);;;;;;;
at-gfollberglift;Gföllberglift;Autriche;Tyrol;;1;2.2;1108;1316;47.26111;10.33647;https://www.lechtaler-bergbahnen.at/;https://www.lechtaler-bergbahnen.at/de/lechtaler-bergbahnen-tarife.html;forfait;site visité, rien d'exploitable dans ses métadonnées ni ses tableaux;;;;;;;
at-goa;Goaß;Autriche;Lower Austria;;1;0;291;334;48.54844;15.99178;;;photo et forfait;aucun site web connu (OpenSkiMap n'en publie pas);;;;;;;
at-golm;Golm;Autriche;Vorarlberg;Tschagguns;9;27.9;650;2103;47.07519;9.86655;https://www.golm.at;https://www.golm.at/de/preise-service/preise;forfait;site visité, rien d'exploitable dans ses métadonnées ni ses tableaux;;;;;;;
at-gramais;Gramais;Autriche;Tyrol;;1;0;1331;1356;47.26321;10.53366;;;photo;aucun site web connu (OpenSkiMap n'en publie pas);;;;;;;
at-gries;Gries;Autriche;Tyrol;;2;0.4;1589;1650;47.07082;11.02791;;;photo;aucun site web connu (OpenSkiMap n'en publie pas);;;;;;;
at-gries-in-sellraintal;Gries in Sellraintal;Autriche;Tyrol;;1;0.4;1186;1258;47.19703;11.15998;;;photo et forfait;aucun site web connu (OpenSkiMap n'en publie pas);;;;;;;
at-grollerkopf-ubersaxen;Gröllerkopf-Übersaxen;Autriche;Vorarlberg;;2;3.3;1014;1194;47.25583;9.68679;https://www.uebersaxen.at/Schilift_Groellerkopf;;forfait;site visité, rien d'exploitable dans ses métadonnées ni ses tableaux;;;;;;;
at-grunberg-obsteig;Grünberg Obsteig;Autriche;Tyrol;;4;0;1030;1103;47.29142;10.91445;http://www.gruenberglift.at/;;photo et forfait;site injoignable (403);;;;;;;
at-grunberglift-navis;Grünberglift Navis;Autriche;Tyrol;;1;0;1384;1576;47.13811;11.54733;;;photo;aucun site web connu (OpenSkiMap n'en publie pas);;;;;;;
at-hinterstoder;Hinterstoder;Autriche;Upper Austria;;19;35.2;588;1987;47.67522;14.13944;https://www.hiwu.at/;https://skisport.com/hinterstoder/de/tickets-preise;forfait;site visité, rien d'exploitable dans ses métadonnées ni ses tableaux;;;;;;;
at-hittisberglift-hittisau;Hittisberglift Hittisau;Autriche;Vorarlberg;;1;2.1;809;996;47.45351;9.97997;;;forfait;aucun site web connu (OpenSkiMap n'en publie pas);;;;;;;
at-hochkar;Hochkar;Autriche;Lower Austria;;0;0;;;47.71070;14.90130;https://www.hochkar.com/;;photo et forfait;site refusé (robots.txt ou 429);;;;;;;
at-hochkeil;Hochkeil;Autriche;Salzburg;Bischofshofen;7;22.1;606;1748;47.40576;13.16605;;;photo et forfait;aucun site web connu (OpenSkiMap n'en publie pas);;;;;;;
at-hochoetz-kuhtai;Hochoetz-Kühtai;Autriche;Tyrol;Oetz;26;52.2;1408;2507;47.21514;10.97151;https://www.kuehtai.info/en/winter/ski-area.html;;photo et forfait;site injoignable (404);;;;;;;
at-hutegglift-weerberg;Hütegglift Weerberg;Autriche;Tyrol;;1;1.4;1253;1511;47.28977;11.68388;;;photo et forfait;aucun site web connu (OpenSkiMap n'en publie pas);;;;;;;
at-kesselmannlifte;Kesselmannlifte;Autriche;Salzburg;;5;0;793;856;47.78276;13.24781;https://www.schilift-kesselmann.at;;forfait;site visité, rien d'exploitable dans ses métadonnées ni ses tableaux;;;;;;;
at-kienleiten-brandenberg;Kienleiten - Brandenberg;Autriche;Tyrol;;1;0.3;913;975;47.48815;11.89927;;;photo et forfait;aucun site web connu (OpenSkiMap n'en publie pas);;;;;;;
at-kleinwalsertal-oberstdorf;Kleinwalsertal-Oberstdorf;Autriche;Vorarlberg;Hirschegg;54;106.3;823;2213;47.36985;10.22774;https://www.kleinwalsertal.com;;photo et forfait;site injoignable (403);;;;;;;
at-knittellifte;Knittellifte;Autriche;Tyrol;;3;1.6;1054;1227;47.28459;10.42003;https://knitteltirol.com/;;photo et forfait;site refusé (robots.txt ou 429);;;;;;;
at-kolsassberg;Kolsassberg;Autriche;Tyrol;;1;0.6;754;846;47.28849;11.64515;;;photo et forfait;aucun site web connu (OpenSkiMap n'en publie pas);;;;;;;
at-lachtal-472636m143608;Lachtal;Autriche;Styria;;10;24.9;1572;2199;47.26364;14.36083;https://www.lachtal.at/;https://www.lachtal.at/tickets-preise/;forfait;site visité, rien d'exploitable dans ses métadonnées ni ses tableaux;;;;;;;
at-lackenhof-otscher;Lackenhof - Ötscher;Autriche;Lower Austria;;8;13.9;815;1431;47.86011;15.16056;https://www.lackenhof.at/skifahren;;forfait;site visité, rien d'exploitable dans ses métadonnées ni ses tableaux;;;;;;;
at-lanalift-anras;Lanalift Anras;Autriche;Tyrol;;1;0.4;1265;1376;46.78307;12.58227;;;photo et forfait;aucun site web connu (OpenSkiMap n'en publie pas);;;;;;;
at-monichkirchen-mariensee;Mönichkirchen - Mariensee;Autriche;Lower Austria;Mönichkirchen;5;9.3;861;1428;47.52101;16.00787;https://www.erlebnisalm.com;;forfait;site refusé (robots.txt ou 429);;;;;;;
at-muttersberg-bludenz;Muttersberg (Bludenz);Autriche;Vorarlberg;Ludesch;1;0;677;1394;47.17412;9.82312;https://www.muttersberg.at/;;photo et forfait;site refusé (robots.txt ou 429);;;;;;;
at-niederau-wildschonau;Niederau (Wildschönau);Autriche;Tyrol;;11;18.5;833;1564;47.43926;12.09363;https://www.wildschoenau.com/en/villages/niederau;;photo;site refusé (robots.txt ou 429);;;;;;;
at-niederthai;Niederthai;Autriche;Tyrol;;2;1.5;1528;1667;47.12742;10.96666;https://fr.tyrol.com/activites/sport/ski/domaines-skiables/umhausen-niederthai;;photo et forfait;site refusé (robots.txt ou 429);;;;;;;
at-patschiedlift;Patschiedlift;Autriche;Tyrol;;1;0.6;1370;1543;47.11139;10.58818;;;photo et forfait;aucun site web connu (OpenSkiMap n'en publie pas);;;;;;;
at-petersbrundllift-st-michael;Petersbründllift St. Michael;Autriche;Salzburg;;1;0.7;1048;1226;47.08732;13.62563;;;photo et forfait;aucun site web connu (OpenSkiMap n'en publie pas);;;;;;;
at-pfafflar;Pfafflar;Autriche;Tyrol;;1;0;1341;1365;47.27916;10.59942;;;photo et forfait;aucun site web connu (OpenSkiMap n'en publie pas);;;;;;;
at-piller;Piller;Autriche;Tyrol;;0;0;;;47.13318;10.68409;https://starkenberger-panoramaweg.at/en/more-info/rid/41923280;;photo et forfait;site refusé (robots.txt ou 429);;;;;;;
at-preggrabenhohe;Preggrabenhöhe;Autriche;Styria;;2;0;908;986;47.27823;14.98207;;;photo et forfait;aucun site web connu (OpenSkiMap n'en publie pas);;;;;;;
at-raunigwiese;Raunigwiese;Autriche;Carinthia;;1;0;621;687;46.86547;13.31982;;;photo et forfait;aucun site web connu (OpenSkiMap n'en publie pas);;;;;;;
at-rieseralm;Rieseralm;Autriche;Styria;;5;8.7;1321;1606;47.09177;14.60886;https://www.rieseralm.at/;;forfait;site refusé (robots.txt ou 429);;;;;;;
at-schie-standlift-flirsch;Schießstandlift Flirsch;Autriche;Tyrol;;1;0;1158;1224;47.15101;10.40836;;;photo et forfait;aucun site web connu (OpenSkiMap n'en publie pas);;;;;;;
at-schilift-obdach;Schilift Obdach;Autriche;Styria;Obdach;1;1;897;1176;47.05870;14.68996;https://www.schilift-obdach.at/;;photo;site refusé (robots.txt ou 429);;;;;;;
at-schilifte-kleinlobming;Schilifte Kleinlobming;Autriche;Styria;;2;0.5;748;892;47.14890;14.84159;https://lobmingtal.at/freizeit-tourismus/schilifte-kleinlobming/;;forfait;site visité, rien d'exploitable dans ses métadonnées ni ses tableaux;;;;;;;
at-schilifte-molln;Schilifte Molln;Autriche;Upper Austria;;2;0;439;476;47.88079;14.25613;;;photo;aucun site web connu (OpenSkiMap n'en publie pas);;;;;;;
at-schmiedhornlift;Schmiedhornlift;Autriche;Salzburg;;1;0;801;906;47.78878;13.25156;;;forfait;aucun site web connu (OpenSkiMap n'en publie pas);;;;;;;
at-schneeberglifte-thiersee;Schneeberglifte Thiersee;Autriche;Tyrol;;2;1.6;794;1010;47.58238;12.09260;https://www.schneeberglifte.at/;;photo et forfait;site refusé (robots.txt ou 429);;;;;;;
at-schneiderkopflifte;Schneiderkopflifte;Autriche;Vorarlberg;;3;1.9;704;871;47.47817;9.81444;;;photo et forfait;aucun site web connu (OpenSkiMap n'en publie pas);;;;;;;
at-schonfeld-thomatal;Schönfeld - Thomatal;Autriche;Salzburg;;2;2.3;1735;2088;46.98068;13.77616;https://www.schoenfeld.co.at/ski-alpin;;forfait;site refusé (robots.txt ou 429);;;;;;;
at-semmering-hirschenkogel;Semmering Hirschenkogel;Autriche;Lower Austria;Semmering;2;7.5;990;1328;47.62602;15.83192;https://semmering.com/page/winter;https://www.semmering.com/betriebszeiten-sommer/;forfait;site visité, rien d'exploitable dans ses métadonnées ni ses tableaux;;;;;;;
at-sibratsgfall;Sibratsgfäll;Autriche;Vorarlberg;;2;3;841;1030;47.41441;10.04499;https://www.kraehenberg.at;https://www.kraehenberg.at/2026/01/08/283/;forfait;site visité, rien d'exploitable dans ses métadonnées ni ses tableaux;;;;;;;
at-ski-amade;Ski amadé;Autriche;Salzburg;Altenmarkt;239;598.2;667;2642;47.25079;13.38911;https://www.skiamade.com/en/winter;;photo et forfait;site injoignable (404);;;;;;;
at-ski-arlberg;Ski Arlberg;Autriche;Vorarlberg;Grechanaya Balka;0;2.8;1146;1851;47.12693;10.27914;;;photo;aucun site web connu (OpenSkiMap n'en publie pas);;;;;;;
at-ski-juwel-oberau-wildschonau;Ski Juwel - Oberau (Wildschönau);Autriche;Tyrol;Oberau;4;0.3;928;974;47.44177;12.05356;https://www.skijuwel.com/;;photo;site refusé (robots.txt ou 429);;;;;;;
at-skiberg-mureck;Skiberg Mureck;Autriche;Styria;Mureck;1;0;235;244;46.70389;15.76950;;;photo et forfait;aucun site web connu (OpenSkiMap n'en publie pas);;;;;;;
at-skigebiet-damuls-mellau-faschina;Skigebiet Damüls-Mellau-Faschina;Autriche;Vorarlberg;Damüls;31;92.4;689;2021;47.31313;9.90124;https://www.damuels-mellau.at/;;photo et forfait;site visité, rien d'exploitable dans ses métadonnées ni ses tableaux;;;;;;;
at-skigebiet-niedere-andelsbuch-bezau;Skigebiet Niedere (Andelsbuch-Bezau);Autriche;Vorarlberg;Bezau;4;6.2;1200;1704;47.39438;9.93383;https://www.bergbahnen-andelsbuch.at/;;forfait;site visité, rien d'exploitable dans ses métadonnées ni ses tableaux;;;;;;;
at-skilift-compedal;Skilift Compedal;Autriche;Tyrol;;2;1.3;1296;1651;46.79367;12.62974;;;photo et forfait;aucun site web connu (OpenSkiMap n'en publie pas);;;;;;;
at-skilift-eberschwang;Skilift Eberschwang;Autriche;Upper Austria;;2;1.8;620;742;48.14155;13.60160;https://www.ski-eberschwang.at/;https://www.ski-eberschwang.at/oeffnugszeiten-preise/;forfait;site visité, rien d'exploitable dans ses métadonnées ni ses tableaux;;;;;;;
at-skilift-muhldorf;Skilift Mühldorf;Autriche;Carinthia;;1;0;615;668;46.85852;13.33122;;;photo et forfait;aucun site web connu (OpenSkiMap n'en publie pas);;;;;;;
at-skilift-zederhaus;Skilift Zederhaus;Autriche;Salzburg;;1;0.3;1239;1316;47.15887;13.48173;;;photo et forfait;aucun site web connu (OpenSkiMap n'en publie pas);;;;;;;
at-skilifte-stanzach;Skilifte Stanzach;Autriche;Tyrol;;3;0.9;940;1051;47.37696;10.56209;;;photo et forfait;aucun site web connu (OpenSkiMap n'en publie pas);;;;;;;
at-sonnenbergbahn;Sonnenbergbahn;Autriche;Tyrol;;1;0.3;1024;1102;47.09792;11.27876;;;photo et forfait;aucun site web connu (OpenSkiMap n'en publie pas);;;;;;;
at-sonnenbergbahn-470986m112803;Sonnenbergbahn;Autriche;Tyrol;;0;0;;;47.09860;11.28029;https://www.sonnenbergbahn.at;;photo et forfait;site injoignable (pas de réponse);;;;;;;
at-sonnenlift-axams;Sonnenlift Axams;Autriche;Tyrol;Axams;1;0.9;916;994;47.22559;11.27253;;;forfait;aucun site web connu (OpenSkiMap n'en publie pas);;;;;;;
at-sonntag-stein;Sonntag Stein;Autriche;Vorarlberg;;3;6.4;1293;1752;47.22889;9.91957;https://www.seilbahnen-sonntag.at/;https://www.seilbahnen-sonntag.at/de/ticketpreise;forfait;site visité, rien d'exploitable dans ses métadonnées ni ses tableaux;;;;;;;
at-spechtenseelift-worschachwald;Spechtenseelift - Wörschachwald;Autriche;Styria;;1;1.9;1099;1259;47.56454;14.08229;;;photo;aucun site web connu (OpenSkiMap n'en publie pas);;;;;;;
at-st-martin-im-tennengebirge;St. Martin im Tennengebirge;Autriche;Salzburg;;2;2.5;946;1150;47.46756;13.37485;;;photo;aucun site web connu (OpenSkiMap n'en publie pas);;;;;;;
at-stubai;Stubai;Autriche;Tyrol;Mieders;45;86.3;959;3208;47.06863;11.25806;https://www.stubai.at/;https://www.stubai.at/aktivitaeten/skifahren/stubai-skipass/;forfait;site visité, rien d'exploitable dans ses métadonnées ni ses tableaux;;;;;;;
at-sulzberg;Sulzberg;Autriche;Vorarlberg;;1;0.8;968;1003;47.52159;9.90960;;;forfait;aucun site web connu (OpenSkiMap n'en publie pas);;;;;;;
at-tallifte;Tallifte;Autriche;Vorarlberg;Mittelberg;1;1.9;1128;1252;47.32907;10.17160;;;forfait;aucun site web connu (OpenSkiMap n'en publie pas);;;;;;;
at-tirolina-haltjochlift;Tirolina - Haltjochlift;Autriche;Tyrol;;2;3.3;852;1075;47.58039;12.06563;https://www.tirolina.at/;;photo;site injoignable (404);;;;;;;
at-tobadill;Tobadill;Autriche;Tyrol;;1;2.6;1186;1356;47.12074;10.51587;;;photo;aucun site web connu (OpenSkiMap n'en publie pas);;;;;;;
at-tschardund-nenzing;Tschardund – Nenzing;Autriche;Vorarlberg;;1;1.1;830;974;47.17792;9.66967;;;forfait;aucun site web connu (OpenSkiMap n'en publie pas);;;;;;;
at-turnau;Turnau;Autriche;Styria;;5;3.9;776;1240;47.55602;15.35131;;;forfait;aucun site web connu (OpenSkiMap n'en publie pas);;;;;;;
at-untersberg;Untersberg;Autriche;Salzburg;;0;0;;;47.71734;13.00504;https://www.untersbergbahn.at/;https://www.untersbergbahn.at/infos/preise/;forfait;site visité, rien d'exploitable dans ses métadonnées ni ses tableaux;;;;;;;
at-viehberg;Viehberg;Autriche;Upper Austria;;2;2.7;962;1108;48.56104;14.62993;https://www.viehberg.at/;https://www.viehberg.at/deutsch/viehberg-lifte/preise/;forfait;site visité, rien d'exploitable dans ses métadonnées ni ses tableaux;;;;;;;
at-virgen;Virgen;Autriche;Tyrol;;1;0.5;1109;1179;46.99869;12.44659;;;forfait;aucun site web connu (OpenSkiMap n'en publie pas);;;;;;;
at-vogelsberg-wattens;Vögelsberg - Wattens;Autriche;Tyrol;;1;0.5;866;970;47.27447;11.59128;;;photo;aucun site web connu (OpenSkiMap n'en publie pas);;;;;;;
at-waldrastlift-ehenbichl-reutte;Waldrastlift – Ehenbichl (Reutte);Autriche;Tyrol;;6;1.8;856;969;47.46839;10.71712;;;photo et forfait;aucun site web connu (OpenSkiMap n'en publie pas);;;;;;;
at-wildstattlift-wattenberg;Wildstättlift Wattenberg;Autriche;Tyrol;;1;0.3;1210;1318;47.27425;11.61515;;;photo;aucun site web connu (OpenSkiMap n'en publie pas);;;;;;;
at-wurzeralm;Wurzeralm;Autriche;Upper Austria;;19;22.9;807;1859;47.63950;14.28415;https://www.hiwu.at/;https://skisport.com/hinterstoder/de/tickets-preise;forfait;site visité, rien d'exploitable dans ses métadonnées ni ses tableaux;;;;;;;
at-zwergberg-furx;Zwergberg Furx;Autriche;Vorarlberg;;1;0;1148;1155;47.27495;9.69008;;;photo;aucun site web connu (OpenSkiMap n'en publie pas);;;;;;;
at-zwolferhorn-st-gilgen;Zwölferhorn (St Gilgen);Autriche;Salzburg;St. Gilgen;1;0;556;1470;47.75424;13.35872;https://www.zwoelferhorn.at/;;forfait;site visité, rien d'exploitable dans ses métadonnées ni ses tableaux;;;;;;;
az-sahdag-xiz-k-kompleksi-shahdag-mountain-resort;Şahdağ Xizək Kompleksi, قريه شاهداغ الثلجية, Shahdag Mountain Resort, Горнолыжный курорт Шахдаг;Azerbaïdjan;Qusar;;12;26.6;1435;2551;41.30367;48.14719;https://www.shahdag.az/;https://www.shahdag.az/az/ski-passlar;photo et forfait;site visité, rien d'exploitable dans ses métadonnées ni ses tableaux;;;;;;;
az-tufandag-mountain;Tufandag Mountain;Azerbaïdjan;Qabala;;5;14.1;971;1920;41.02684;47.87874;;;photo et forfait;aucun site web connu (OpenSkiMap n'en publie pas);;;;;;;
ba-javor-ski-srebrenica;Javor ski Srebrenica;Bosnie-Herzégovine;Republic of Srpska;;1;0.4;784;826;44.06509;19.32200;http://javor-ski.com/;;photo et forfait;site injoignable (pas de réponse);;;;;;;
ba-sarajevo-olympic-bobsleigh-track;Sarajevo Olympic Bobsleigh Track;Bosnie-Herzégovine;Sarajevo;Sarajevo;0;0;;;43.84096;18.44451;;;photo et forfait;aucun site web connu (OpenSkiMap n'en publie pas);;;;;;;
ba-ski-centar-ranca;Ski Centar Ranča;Bosnie-Herzégovine;Central Bosnia;;1;0;1281;1420;44.37945;17.38835;;;photo et forfait;aucun site web connu (OpenSkiMap n'en publie pas);;;;;;;
ba-ski-centar-ravna-planina-pale-ski-center-ravna-planina-pale;"Ski centar ""Ravna Planina"", Pale, Ski Center ""Ravna Planina"" Pale, Ски центар Равна Планина, Пале";Bosnie-Herzégovine;Republic of Srpska;;3;6.5;921;1291;43.78458;18.58931;https://www.ski-rp.com/;https://www.ski-rp.com/ski-pass/;forfait;site visité, rien d'exploitable dans ses métadonnées ni ses tableaux;;;;;;;
ba-ski-centar-vlasic;Ski centar Vlašić;Bosnie-Herzégovine;Central Bosnia;;5;7.1;1229;1524;44.31136;17.57991;;;forfait;aucun site web connu (OpenSkiMap n'en publie pas);;;;;;;
ba-sportski-centar-milici;Sportski centar Milići;Bosnie-Herzégovine;Republic of Srpska;;1;0.1;280;289;44.16385;19.07574;https://sportski-centar-milici.business.site/;;photo et forfait;site injoignable (404);;;;;;;
ba-trebevic;Trebević;Bosnie-Herzégovine;Sarajevo;Sarajevo;1;0;578;1153;43.84768;18.44255;;;photo et forfait;aucun site web connu (OpenSkiMap n'en publie pas);;;;;;;
be-dousberg;Dousberg;Belgique;Limburg;Veldwezelt;0;0;;;50.85589;5.64461;http://www.skibaan-dousberg.nl/;;forfait;site visité, rien d'exploitable dans ses métadonnées ni ses tableaux;;;;;;;
be-snowworld-antwerpen;SnowWorld Antwerpen;Belgique;Antwerpen;Antwerp;2;0.2;18;20;51.16009;4.37366;https://www.snowworld.com/antwerpen/nl;;photo;site injoignable (400);;;;;;;
bg-420053m246894;"писта х. ""Здравец"" - малка";Bulgarie;Plovdiv;;1;0.2;1214;1256;42.00526;24.68941;;;photo et forfait;aucun site web connu (OpenSkiMap n'en publie pas);;;;;;;
bg-dobrinishte;Dobrinishte;Bulgarie;Blagoevgrad;;4;4.1;1486;2226;41.74683;23.53587;;;photo;aucun site web connu (OpenSkiMap n'en publie pas);;;;;;;
bg-malyovista;Malyovista;Bulgarie;Sofia;;5;4.1;1708;1974;42.20989;23.39192;;;photo;aucun site web connu (OpenSkiMap n'en publie pas);;;;;;;
bg-ophelii;Офелиите, Ophelii;Bulgarie;Sofiya;;2;0;1533;1545;42.59924;23.23474;;;photo;aucun site web connu (OpenSkiMap n'en publie pas);;;;;;;
bg-pamporovo;Pamporovo;Bulgarie;Smolyan;;13;23.5;1454;1931;41.64388;24.67234;https://pamporovo.me/;;forfait;site visité, rien d'exploitable dans ses métadonnées ni ses tableaux;;;;;;;
bg-panichishte;Panichishte;Bulgarie;Kyustendil;;2;0;1591;2092;42.22951;23.32046;https://rilskiezera.bg/;;forfait;site visité, rien d'exploitable dans ses métadonnées ni ses tableaux;;;;;;;
bg-semkovo;Semkovo;Bulgarie;Blagoevgrad;;6;2.7;1500;1772;42.04358;23.53654;https://semkovo.com/;;photo;site visité, rien d'exploitable dans ses métadonnées ni ses tableaux;;;;;;;
bg-vitosha;Vitosha;Bulgarie;Sofiya;;5;15.5;1519;2245;42.57615;23.29184;https://www.skivitosha.com/;https://www.skivitosha.com/summer/information/prices;photo et forfait;site visité, rien d'exploitable dans ses métadonnées ni ses tableaux;;;;;;;
bg-zdravets;"Zdravets, писта х. ""Здравец"" - голяма";Bulgarie;Plovdiv;;0;1;1153;1338;42.00511;24.68956;;;photo et forfait;aucun site web connu (OpenSkiMap n'en publie pas);;;;;;;
by-logoisk;Logoisk;Biélorussie;Minskaya Voblasts';;3;3.1;230;306;54.18588;27.80841;;;photo et forfait;aucun site web connu (OpenSkiMap n'en publie pas);;;;;;;
by-mozyr;Mozyr;Biélorussie;Homyel'skaya Voblasts';;1;0;186;211;52.02991;29.25961;;;photo et forfait;aucun site web connu (OpenSkiMap n'en publie pas);;;;;;;
by-silichy;Silichy;Biélorussie;Minskaya Voblasts';;7;3.2;230;323;54.16076;27.83563;;;photo et forfait;aucun site web connu (OpenSkiMap n'en publie pas);;;;;;;
by-solnechnaya-dolina;Solnechnaya Dolina;Biélorussie;Minsk;Minsk;2;0;205;234;53.84793;27.51558;;;photo et forfait;aucun site web connu (OpenSkiMap n'en publie pas);;;;;;;
ch-adelboden-lenk;Adelboden - Lenk;Suisse;Bern;Adelboden;21;83.3;1263;2193;46.46459;7.50910;https://www.adelboden-lenk.ch/de/Erlebnis/Skiregion/Adelboden-Lenk;https://www.adelboden-lenk.ch/de/Service/Tickets-Tarife;forfait;site visité, rien d'exploitable dans ses métadonnées ni ses tableaux;;;;;;;
ch-airolo-pescium;Airolo Pesciüm;Suisse;Ticino;Airlonia;8;20.8;1179;2253;46.51272;8.61049;https://airolo.ch/;https://www.airolo.ch/prezzi-orari-funivie-airolo-estate.php;forfait;site visité, rien d'exploitable dans ses métadonnées ni ses tableaux;;;;;;;
ch-aletsch-arena;Aletsch Arena;Suisse;Valais;Betten;43;85.4;1057;2869;46.39212;8.07465;https://www.aletscharena.ch/;;forfait;site refusé (robots.txt ou 429);;;;;;;
ch-alpe-di-neggia;Alpe di Neggia;Suisse;Ticino;Indemini;2;1.4;1375;1514;46.11116;8.84225;https://alpedineggia.ch/it;;forfait;site visité, rien d'exploitable dans ses métadonnées ni ses tableaux;;;;;;;
ch-alvaneu;Alvaneu;Suisse;Graubunden;Alvaneu;1;0.8;1142;1197;46.67422;9.64004;;;photo;aucun site web connu (OpenSkiMap n'en publie pas);;;;;;;
ch-amden-arvenbuel;Amden Arvenbüel;Suisse;Saint Gallen;Amden;3;6.8;1158;1365;47.14779;9.17843;https://www.amden-weesen.ch/winter/skigebiet-amden;;photo et forfait;site injoignable (403);;;;;;;
ch-appenzell;Appenzell;Suisse;Appenzell Innerrhoden;Appenzell;1;5.5;812;1164;47.31998;9.40321;https://www.skilift-sollegg.ch;;photo;site visité, rien d'exploitable dans ses métadonnées ni ses tableaux;;;;;;;
ch-atzmannig;Atzmännig;Suisse;Saint Gallen;Goldingen;5;0;825;1194;47.28193;9.00104;https://www.atzmaennig.ch/;https://www.atzmaennig.ch/de/sommer/preise/;forfait;site visité, rien d'exploitable dans ses métadonnées ni ses tableaux;;;;;;;
ch-baulmes;Baulmes;Suisse;Vaud;Baulmes;1;2.7;1210;1424;46.78032;6.47443;;;photo;aucun site web connu (OpenSkiMap n'en publie pas);;;;;;;
ch-bedea-novaggio;Bedea-Novaggio;Suisse;Ticino;Novaggio;1;0;626;683;46.00933;8.86272;;;photo et forfait;aucun site web connu (OpenSkiMap n'en publie pas);;;;;;;
ch-bellwald;Bellwald;Suisse;Valais;Bellwald;4;16.1;1622;2558;46.44125;8.16505;https://www.bellwald.ch/;;forfait;site refusé (robots.txt ou 429);;;;;;;
ch-bennau-einsiedeln;Bennau /Einsiedeln;Suisse;Schwyz;Bennau;3;1.2;882;1052;47.14320;8.73187;;;photo et forfait;aucun site web connu (OpenSkiMap n'en publie pas);;;;;;;
ch-brigels-waltensburg-andiast-brigels-waltenburg-andiast-breil-vuorz-andiast;Brigels-Waltensburg-Andiast, Brigels-Waltenburg-Andiast, Breil-Vuorz-Andiast;Suisse;Graubunden;Andiast;12;30.9;1102;2412;46.78815;9.08066;https://www.brigels-bergbahnen.ch;;forfait;site refusé (robots.txt ou 429);;;;;;;
ch-brot-dessus;Brot-Dessus;Suisse;Neuchatel;Brot-Plamboz;1;0.3;1016;1059;46.97126;6.74363;;;photo et forfait;aucun site web connu (OpenSkiMap n'en publie pas);;;;;;;
ch-brunni-haggenegg;Brunni-Haggenegg;Suisse;Schwyz;Alpthal;3;8.7;1092;1500;47.04927;8.69371;https://www.brunnialpthal.ch/;https://www.brunnialpthal.ch/Saisonkarten.aspx;forfait;site visité, rien d'exploitable dans ses métadonnées ni ses tableaux;;;;;;;
ch-brunni-holzegg-rotenflue;Brunni-Holzegg-Rotenflue;Suisse;Schwyz;Alpthal;12;26.8;817;1568;47.01551;8.73905;https://www.brunnialpthal.ch/;https://www.brunnialpthal.ch/Saisonkarten.aspx;forfait;site visité, rien d'exploitable dans ses métadonnées ni ses tableaux;;;;;;;
ch-brusti-attinghausen;Brüsti – Attinghausen;Suisse;Uri;Attinghausen;5;2.1;1426;1600;46.85086;8.61428;https://www.xn--brsti-surenenpass-32b.ch/;;photo;site refusé (robots.txt ou 429);;;;;;;
ch-campo-blenio;Campo (Blenio);Suisse;Ticino;Campo;4;2.6;1205;1578;46.56009;8.93109;https://campoblenio.ch/;https://www.campoblenio.ch/tariffe/;forfait;site visité, rien d'exploitable dans ses métadonnées ni ses tableaux;;;;;;;
ch-casaccia;Casaccia;Suisse;Graubunden;Casaccia;1;0.6;1475;1599;46.39368;9.66604;;;photo;aucun site web connu (OpenSkiMap n'en publie pas);;;;;;;
ch-chalet-a-gobet;Chalet a Gobet;Suisse;Vaud;Lausanne 25;0;0.7;846;863;46.56602;6.69148;https://www.stations-de-ski.ch/en/stations-de-ski-vaudoises/ski-bob-luge-chalet-a-gobet/#apropos;;photo et forfait;site refusé (robots.txt ou 429);;;;;;;
ch-chuderhusi;Chuderhüsi;Suisse;Bern;Rothenbach;1;0.3;1017;1088;46.87452;7.72059;;;forfait;aucun site web connu (OpenSkiMap n'en publie pas);;;;;;;
ch-cimetta;Cimetta;Suisse;Ticino;Avegno;16;0;202;1653;46.18622;8.79069;https://www.cardada.ch/;https://www.cardada.ch/fr/horaire-et-tarifs;forfait;site visité, rien d'exploitable dans ses métadonnées ni ses tableaux;;;;;;;
ch-confin-san-bernardino;Confin / San Bernardino;Suisse;Graubunden;San Bernardino;6;20.1;1640;2504;46.45626;9.16320;https://sanbernardino-swissalps.com/sportarena;;photo et forfait;site refusé (robots.txt ou 429);;;;;;;
ch-corviglia;Corviglia;Suisse;Graubunden;Celerina/Schlarigna;49;65.3;1733;3021;46.51108;9.82168;https://www.mountains.ch/;https://www.mountains.ch/en/tickets/;forfait;site visité, rien d'exploitable dans ses métadonnées ni ses tableaux;;;;;;;
ch-dent-de-vaulion-le-morez;Dent de Vaulion – Le Morez;Suisse;Vaud;Vaulion;4;7.1;1152;1465;46.68210;6.35768;;;photo et forfait;aucun site web connu (OpenSkiMap n'en publie pas);;;;;;;
ch-eggberge-469015m86525;Eggberge;Suisse;Uri;Altdorf;1;5.5;1460;1742;46.90146;8.65254;https://www.eggberge.ch/;https://www.eggberge.ch/seilbahn/preisetickets;forfait;site visité, rien d'exploitable dans ses métadonnées ni ses tableaux;;;;;;;
ch-eigenthal;Eigenthal;Suisse;Lucerne;Eigenthal;1;0.3;964;986;47.00391;8.21080;;;photo et forfait;aucun site web connu (OpenSkiMap n'en publie pas);;;;;;;
ch-euthal;Euthal;Suisse;Schwyz;Euthal;1;0.5;896;1039;47.09192;8.82323;;;photo et forfait;aucun site web connu (OpenSkiMap n'en publie pas);;;;;;;
ch-friherrenberg;Friherrenberg;Suisse;Schwyz;Einsiedeln;3;0;924;1110;47.12546;8.76327;;;photo;aucun site web connu (OpenSkiMap n'en publie pas);;;;;;;
ch-froideville;Froideville;Suisse;Vaud;Froideville;1;0.2;790;835;46.59833;6.69652;https://cn-froideville.ch/;;forfait;site visité, rien d'exploitable dans ses métadonnées ni ses tableaux;;;;;;;
ch-gahwil;Gähwil;Suisse;Saint Gallen;OEtwil;1;1.5;746;893;47.39243;9.00244;https://www.gaehwil.ch/index.php/skilift-gaehwil.html;;forfait;site visité, rien d'exploitable dans ses métadonnées ni ses tableaux;;;;;;;
ch-gais;Gais;Suisse;Appenzell Ausserrhoden;Gais;1;1.2;950;1038;47.36662;9.45758;;;photo et forfait;aucun site web connu (OpenSkiMap n'en publie pas);;;;;;;
ch-gfellen-finsterwald;Gfellen-Finsterwald;Suisse;Lucerne;Finsterwald b. Entlebuch;0;0;;;46.95626;8.13426;;;forfait;aucun site web connu (OpenSkiMap n'en publie pas);;;;;;;
ch-glarus;Glarus;Suisse;Glarus;Glarus;1;0.9;510;669;47.03187;9.06350;https://www.glarus.ch/freizeit-wohnen/sportanlagen/skilift-dreieck.html/6235;https://www.glarus.ch/freizeit-wohnen/freizeit-tourismus/sbb-tagessparkarte-gemeinde.html/7218;photo et forfait;site visité, rien d'exploitable dans ses métadonnées ni ses tableaux;;;;;;;
ch-grub-kaien;Grub-Kaien;Suisse;Appenzell Ausserrhoden;Grub;1;1.6;849;1068;47.44018;9.50453;https://skiliftgrub-kaien.ch;https://skiliftgrub-kaien.ch/preise/;forfait;site visité, rien d'exploitable dans ses métadonnées ni ses tableaux;;;;;;;
ch-gstaad-saanen-rougemont;Gstaad - Saanen - Rougemont;Suisse;Bern;Grund;11;39;968;2152;46.46423;7.25090;https://www.gstaad.ch/bergbahnen/;;forfait;site refusé (robots.txt ou 429);;;;;;;
ch-haldi;Haldi;Suisse;Uri;Bürglen;3;0.7;1238;1393;46.85857;8.67450;;;forfait;aucun site web connu (OpenSkiMap n'en publie pas);;;;;;;
ch-hatzingen;Hätzingen;Suisse;Glarus;Hätzingen;1;0.8;617;688;46.95717;9.03699;https://www.skilift-haetzingen.ch;;photo;site refusé (robots.txt ou 429);;;;;;;
ch-heiligkreuz-first;Heiligkreuz - First;Suisse;Lucerne;Hasle;1;3.1;1130;1460;46.94313;8.05671;;;photo et forfait;aucun site web connu (OpenSkiMap n'en publie pas);;;;;;;
ch-heimenschwand;Heimenschwand;Suisse;Bern;Heimenschwand;1;0.9;1002;1176;46.82754;7.67747;;;photo;aucun site web connu (OpenSkiMap n'en publie pas);;;;;;;
ch-heiti-gsteig-b-gstaad;Heiti – Gsteig b. Gstaad;Suisse;Bern;Gsteig bei Gstaad;1;1.2;1223;1351;46.37931;7.26389;;;photo et forfait;aucun site web connu (OpenSkiMap n'en publie pas);;;;;;;
ch-hergiswil-langmattli;Hergiswil - Langmattli;Suisse;Nidwalden;Hergiswil;2;0.4;834;937;46.98426;8.27830;;;photo et forfait;aucun site web connu (OpenSkiMap n'en publie pas);;;;;;;
ch-hohwald-beatenberg;Hohwald Beatenberg;Suisse;Bern;Beatenberg;3;6.6;1290;1604;46.70939;7.82126;https://www.skilift-hohwald.ch/;https://www.skilift-hohwald.ch/preise;forfait;site visité, rien d'exploitable dans ses métadonnées ni ses tableaux;;;;;;;
ch-horben;Horben;Suisse;Aargau;Beinwil;1;0.3;755;798;47.22652;8.31608;;;forfait;aucun site web connu (OpenSkiMap n'en publie pas);;;;;;;
ch-hubeli;Hübeli;Suisse;Lucerne;Hergiswil b. Willisau;1;1.4;720;832;47.05889;7.95731;;;photo;aucun site web connu (OpenSkiMap n'en publie pas);;;;;;;
ch-jeizinen;Jeizinen;Suisse;Valais;Bratsch;6;9.2;1554;2189;46.33105;7.72943;https://www.gampel-bratsch-tourismus.ch/;;forfait;site refusé (robots.txt ou 429);;;;;;;
ch-jungfraujoch-snow-fun-park;Jungfraujoch Snow Fun Park;Suisse;Valais;Fieschertal;2;0.5;3438;3461;46.54768;7.98853;;;photo et forfait;aucun site web connu (OpenSkiMap n'en publie pas);;;;;;;
ch-kaltbrunn;Kaltbrunn;Suisse;Saint Gallen;Kaltbrunn;1;0.7;1153;1232;47.19367;9.10609;;;photo et forfait;aucun site web connu (OpenSkiMap n'en publie pas);;;;;;;
ch-kinderland;Kinderland;Suisse;Graubunden;Savognin;3;0;1173;1180;46.59398;9.59650;;;forfait;aucun site web connu (OpenSkiMap n'en publie pas);;;;;;;
ch-krinau;Krinau;Suisse;Saint Gallen;Krinau;1;0.6;823;902;47.31464;9.04916;https://krinau.ch/skilift/;;forfait;site visité, rien d'exploitable dans ses métadonnées ni ses tableaux;;;;;;;
ch-kronberg;Kronberg;Suisse;Appenzell Innerrhoden;Gonten;1;0;875;1647;47.30572;9.34547;https://www.kronberg.ch/;;forfait;site visité, rien d'exploitable dans ses métadonnées ni ses tableaux;;;;;;;
ch-la-martinaux;La Martinaux;Suisse;Vaud;Morcles;1;2.2;1485;1681;46.21603;7.04603;;;photo;aucun site web connu (OpenSkiMap n'en publie pas);;;;;;;
ch-langis-glaubenberg-469083m81406;Langis-Glaubenberg;Suisse;Obwalden;Stalden;1;0;1448;1475;46.90832;8.14065;;;photo et forfait;aucun site web connu (OpenSkiMap n'en publie pas);;;;;;;
ch-lantsch-lenz;Lantsch/Lenz;Suisse;Graubunden;Lantsch/Lenz;1;0.6;1290;1379;46.68369;9.56962;;;photo et forfait;aucun site web connu (OpenSkiMap n'en publie pas);;;;;;;
ch-lauenen;Lauenen;Suisse;Bern;Lauenen;1;2;1239;1405;46.41698;7.31720;;;photo et forfait;aucun site web connu (OpenSkiMap n'en publie pas);;;;;;;
ch-le-larmont;Le Larmont;Suisse;Neuchatel;Les Verrières;1;0;1132;1214;46.89884;6.42908;https://www.espacenordiquejurassien.com/annuaire/site_nordique_de_pontarlier_-_le_larmont~bb17cae35d724a7e387aa22fcfe.html;;forfait;site visité, rien d'exploitable dans ses métadonnées ni ses tableaux;;;;;;;
ch-les-cernets;Les Cernets;Suisse;Neuchatel;Brot-Plamboz;0;0;990;1388;47.01994;6.72963;;;forfait;aucun site web connu (OpenSkiMap n'en publie pas);;;;;;;
ch-les-giettes;Les Giettes;Suisse;Valais;Les Giettes;2;2;1280;1694;46.21762;6.95443;https://www.telegiettes.ch;https://telegiettes.ch/tarifs;forfait;site visité, rien d'exploitable dans ses métadonnées ni ses tableaux;;;;;;;
ch-les-gollieres;Les Gollières;Suisse;Neuchatel;La Vue-des-Alpes;0;0;;;47.05460;6.85674;;;forfait;aucun site web connu (OpenSkiMap n'en publie pas);;;;;;;
ch-les-mosses;Les Mosses;Suisse;Vaud;La Comballaz;14;25.7;1379;1870;46.40699;7.09700;;;photo et forfait;aucun site web connu (OpenSkiMap n'en publie pas);;;;;;;
ch-les-pleiades;Les Pléiades;Suisse;Vaud;Blonay;3;0.3;1312;1348;46.48248;6.91342;;;photo;aucun site web connu (OpenSkiMap n'en publie pas);;;;;;;
ch-les-rousses;Les Rousses;Suisse;Vaud;Arzier-Le Muids;24;31.7;1060;1662;46.49229;6.10238;https://www.lesrousses.com/;;photo et forfait;site refusé (robots.txt ou 429);;;;;;;
ch-leukerbad-gemmipass;Leukerbad - Gemmipass;Suisse;Valais;Leukerbad;7;0.7;1383;2343;46.39913;7.60117;;;photo et forfait;aucun site web connu (OpenSkiMap n'en publie pas);;;;;;;
ch-leysin-les-mosses-la-lecherette;Leysin (Les Mosses, La Lecherette);Suisse;Vaud;Les Mosses;0;0;;;46.39519;7.10211;https://www.leysin.ch/;;forfait;site visité, rien d'exploitable dans ses métadonnées ni ses tableaux;;;;;;;
ch-lourtier;Lourtier;Suisse;Valais;Lourtier;1;0.9;1098;1192;46.05078;7.26859;;;photo et forfait;aucun site web connu (OpenSkiMap n'en publie pas);;;;;;;
ch-malleray-les-orvalles;Malleray - Les Orvalles;Suisse;Bern;Malleray;1;0.4;781;842;47.22852;7.27036;https://www.bikeparkvalbirse.ch/;;forfait;site refusé (robots.txt ou 429);;;;;;;
ch-maloja;Maloja;Suisse;Graubunden;Maloja District;3;3.1;1821;2133;46.39753;9.70615;https://www.bregaglia.ch/de/alpinski;;forfait;site visité, rien d'exploitable dans ses métadonnées ni ses tableaux;;;;;;;
ch-mauborget;Mauborget;Suisse;Vaud;Mauborget;2;0.4;1122;1190;46.85388;6.60591;;;photo;aucun site web connu (OpenSkiMap n'en publie pas);;;;;;;
ch-mogno-464281m86623;Mogno;Suisse;Ticino;Fusio;1;1.8;1156;1249;46.42810;8.66233;https://mognofreetime.ch/;https://mognofreetime.ch/tariffe/;forfait;site visité, rien d'exploitable dans ses métadonnées ni ses tableaux;;;;;;;
ch-monte-tamaro;Monte Tamaro;Suisse;Ticino;Rivera TI;4;0;472;1603;46.12042;8.90476;https://www.montetamaro.ch/;https://www.montetamaro.ch/fr/horaires-et-prix;photo et forfait;site visité, rien d'exploitable dans ses métadonnées ni ses tableaux;;;;;;;
ch-mosnang;Mosnang;Suisse;Saint Gallen;Mosnang;1;1.6;720;833;47.35937;9.04268;https://www.skiliftmosnang.ch;;photo;site visité, rien d'exploitable dans ses métadonnées ni ses tableaux;;;;;;;
ch-mugi;Mugi;Suisse;Glarus;Netstal;1;0.2;497;537;47.06247;9.04682;;;photo;aucun site web connu (OpenSkiMap n'en publie pas);;;;;;;
ch-nods;Nods;Suisse;Bern;Nods;1;0;946;1008;47.11849;7.07691;https://www.teleskinods.ch/;https://www.teleskinods.ch/tarif/;forfait;site visité, rien d'exploitable dans ses métadonnées ni ses tableaux;;;;;;;
ch-nollen;Nollen;Suisse;Zug;Unterägeri;2;4;766;1046;47.12371;8.55690;https://www.nollenaegeri.ch/;;photo;site refusé (robots.txt ou 429);;;;;;;
ch-nollen-474939m91200;Nollen;Suisse;Thurgau;Hosenruck;1;0.3;690;729;47.49386;9.12001;;;photo et forfait;aucun site web connu (OpenSkiMap n'en publie pas);;;;;;;
ch-oberholz-farner;Oberholz - Farner;Suisse;Saint Gallen;Goldingen;3;4.3;851;1167;47.28632;8.94729;https://www.skilift-oberholz.ch/;;forfait;site refusé (robots.txt ou 429);;;;;;;
ch-oberwangen;Oberwangen;Suisse;Saint Gallen;Dietschwil;1;1.3;624;759;47.42006;8.98541;https://www.skilift-oberwangen.com;;forfait;site visité, rien d'exploitable dans ses métadonnées ni ses tableaux;;;;;;;
ch-parsenn;Parsenn;Suisse;Graubunden;Clavadel;39;79.3;1000;2811;46.81704;9.86755;;;forfait;aucun site web connu (OpenSkiMap n'en publie pas);;;;;;;
ch-pilatus;Pilatus;Suisse;Nidwalden;Hergiswil;3;0;513;2063;47.00508;8.26346;https://www.pilatus.ch/;https://pilatus.ch/bahnen/tickets;forfait;site visité, rien d'exploitable dans ses métadonnées ni ses tableaux;;;;;;;
ch-pischa;Pischa;Suisse;Graubunden;Davos Dorf;1;0;1799;2480;46.80600;9.90747;;;forfait;aucun site web connu (OpenSkiMap n'en publie pas);;;;;;;
ch-pontresina;Pontresina;Suisse;Graubunden;Pontresina;0;0;;;46.48956;9.91640;https://www.pontresina.ch/;;forfait;site visité, rien d'exploitable dans ses métadonnées ni ses tableaux;;;;;;;
ch-pontresina-464897m99144;Pontresina;Suisse;Graubunden;Pontresina;2;0.3;1841;1925;46.48971;9.91439;https://www.pontresina.ch/;;forfait;site visité, rien d'exploitable dans ses métadonnées ni ses tableaux;;;;;;;
ch-pradaschier;Pradaschier;Suisse;Graubunden;Churwalden;2;2.3;1248;2065;46.78129;9.52177;https://www.pradaschier.ch;https://pradaschier.ch/tickets-preise/;forfait;site visité, rien d'exploitable dans ses métadonnées ni ses tableaux;;;;;;;
ch-raten;Raten;Suisse;Zug;alosen;2;0.6;1081;1119;47.14006;8.66622;https://www.skilift-raten.ch/;https://www.skilift-raten.ch/Preise.htm;forfait;site visité, rien d'exploitable dans ses métadonnées ni ses tableaux;;;;;;;
ch-regensberg;Regensberg;Suisse;Zurich;Regensberg;1;0.3;585;629;47.47488;8.43005;https://skilift-regensberg.ch/;;photo et forfait;site visité, rien d'exploitable dans ses métadonnées ni ses tableaux;;;;;;;
ch-rigi-scheidegg;Rigi-Scheidegg;Suisse;Schwyz;Gersau;3;4.7;1014;1646;47.02646;8.53225;;;photo et forfait;aucun site web connu (OpenSkiMap n'en publie pas);;;;;;;
ch-rigi-seebodenalp;Rigi Seebodenalp;Suisse;Schwyz;Küssnacht;2;2.7;1032;1220;47.06754;8.45619;;;forfait;aucun site web connu (OpenSkiMap n'en publie pas);;;;;;;
ch-rinerhorn;Rinerhorn;Suisse;Graubunden;Clavadel;7;22.2;1459;2491;46.74158;9.81048;;;forfait;aucun site web connu (OpenSkiMap n'en publie pas);;;;;;;
ch-rohrenmoos;Röhrenmoos;Suisse;Aargau;Bergdietikon;1;0;462;498;47.40071;8.38021;;;photo;aucun site web connu (OpenSkiMap n'en publie pas);;;;;;;
ch-rossberg-oberwil;Rossberg Oberwil;Suisse;Bern;Oberwil im Simmental;1;3.3;1148;1467;46.63543;7.44215;https://www.rossbergoberwil.ch/;https://www.rossbergoberwil.ch/angebot/preise;photo et forfait;site visité, rien d'exploitable dans ses métadonnées ni ses tableaux;;;;;;;
ch-rothwald;Rothwald;Suisse;Valais;Rothwald;2;9.2;1754;2260;46.27676;8.05006;https://www.rothwald.ch/;;photo et forfait;site visité, rien d'exploitable dans ses métadonnées ni ses tableaux;;;;;;;
ch-ruhesitz;Ruhesitz;Suisse;Appenzell Innerrhoden;Brülisau;1;0;924;1793;47.29101;9.46994;https://www.ruhesitz.ch/;;forfait;site visité, rien d'exploitable dans ses métadonnées ni ses tableaux;;;;;;;
ch-runal-pera-trun;Runal Péra Trun;Suisse;Graubunden;Rabius;1;3.8;921;1041;46.73933;8.96618;https://runalpera.ch/de/;;photo;site visité, rien d'exploitable dans ses métadonnées ni ses tableaux;;;;;;;
ch-sainte-croix-les-rasses;Sainte-Croix - Les rasses;Suisse;Vaud;Bullet;7;0;1175;1487;46.87719;6.62233;;;photo et forfait;aucun site web connu (OpenSkiMap n'en publie pas);;;;;;;
ch-sainte-croix-les-rasses-468365m65307;Sainte-Croix / Les Rasses;Suisse;Vaud;Les Rasses;6;11.4;1198;1558;46.83646;6.53069;;;forfait;aucun site web connu (OpenSkiMap n'en publie pas);;;;;;;
ch-savognin;Savognin;Suisse;Graubunden;Mulegns;8;44.1;1592;2700;46.56576;9.57014;;;photo et forfait;aucun site web connu (OpenSkiMap n'en publie pas);;;;;;;
ch-savognin-465833m95833;Savognin;Suisse;Graubunden;Savognin;0;0;;;46.58333;9.58333;https://www.savognin.ch/;;photo et forfait;site refusé (robots.txt ou 429);;;;;;;
ch-schafmatt;Schafmatt;Suisse;Solothurn;Barmelweid;1;0.8;745;863;47.42145;7.95281;;;photo et forfait;aucun site web connu (OpenSkiMap n'en publie pas);;;;;;;
ch-schonried-saanenmoser-zweisimmen-st-stephan;Schönried - Saanenmöser - Zweisimmen - St. Stephan;Suisse;Bern;Blankenburg;16;58.8;944;2002;46.50814;7.36572;https://www.gstaad.ch/;;forfait;site refusé (robots.txt ou 429);;;;;;;
ch-schupfheim;Schüpfheim;Suisse;Lucerne;Schüpfheim;1;0.6;758;887;46.95008;8.02570;;;photo et forfait;aucun site web connu (OpenSkiMap n'en publie pas);;;;;;;
ch-schwengimatt;Schwengimatt;Suisse;Solothurn;Balstal;1;1.6;997;1099;47.29058;7.67467;https://www.berggasthof-schwengimatt.ch/Skilift.htm;;photo;site visité, rien d'exploitable dans ses métadonnées ni ses tableaux;;;;;;;
ch-selfranga;Selfranga;Suisse;Graubunden;Klosters;3;2.7;1185;1355;46.86129;9.88750;;;photo;aucun site web connu (OpenSkiMap n'en publie pas);;;;;;;
ch-skilift-chrachenhutten-blumenstein;Skilift Chrachenhütten Blumenstein;Suisse;Bern;Blumenstein;1;0.7;736;816;46.72930;7.51159;https://www.blumenstein.ch/dorfleben/sport;https://www.blumenstein.ch/verwaltung/tageskarten;forfait;site visité, rien d'exploitable dans ses métadonnées ni ses tableaux;;;;;;;
ch-skilift-gurnigel-bad;Skilift Gurnigel-Bad;Suisse;Bern;Rüti bei Riggisberg;1;1.3;1199;1295;46.75695;7.44954;;;photo;aucun site web connu (OpenSkiMap n'en publie pas);;;;;;;
ch-skilift-oberiberg;Skilift Oberiberg;Suisse;Schwyz;Oberiberg;4;3.9;1081;1332;47.03550;8.78562;;;forfait;aucun site web connu (OpenSkiMap n'en publie pas);;;;;;;
ch-skilift-schratten-fluhli;Skilift Schratten Flühli;Suisse;Lucerne;Flühli;0;0;;;46.87500;8.00884;https://www.skiliftfluehli.ch/;;photo;site refusé (robots.txt ou 429);;;;;;;
ch-skipisten-titlis-bergbahnen;Skipisten Titlis Bergbahnen;Suisse;Nidwalden;Engelberg;30;41;997;3040;46.79353;8.40037;https://www.engelberg.ch/;;forfait;site refusé (robots.txt ou 429);;;;;;;
ch-spitze;Spitze;Suisse;Saint Gallen;Eggersriet;1;0.2;878;925;47.44436;9.48065;;;photo et forfait;aucun site web connu (OpenSkiMap n'en publie pas);;;;;;;
ch-st-margrethenberg;St. Margrethenberg;Suisse;Saint Gallen;St. Margrethenberg;1;2.4;1190;1457;46.97830;9.50486;https://www.skilift-tristeli.ch/;;photo;site refusé (robots.txt ou 429);;;;;;;
ch-tannenberg;Tannenberg;Suisse;Saint Gallen;Andwil;1;0.4;788;847;47.44400;9.29910;;;forfait;aucun site web connu (OpenSkiMap n'en publie pas);;;;;;;
ch-tarasp;Tarasp;Suisse;Graubunden;Tarasp;1;0.3;1409;1449;46.77493;10.26152;;;forfait;aucun site web connu (OpenSkiMap n'en publie pas);;;;;;;
ch-urnasch;Urnäsch;Suisse;Appenzell Ausserrhoden;Urnäsch;2;1.6;831;1083;47.30876;9.28800;https://skilift-urnaesch.ch;https://skilift-urnaesch.ch/preise/;forfait;site visité, rien d'exploitable dans ses métadonnées ni ses tableaux;;;;;;;
ch-wasen;Wasen;Suisse;Bern;Wasen im Emmental;2;1.5;845;949;47.03522;7.79264;;;photo;aucun site web connu (OpenSkiMap n'en publie pas);;;;;;;
ch-wilern;Wilern;Suisse;Valais;Binn;1;0.7;1432;1529;46.36086;8.18264;;;photo;aucun site web connu (OpenSkiMap n'en publie pas);;;;;;;
ch-wispile-gstaad;Wispile – Gstaad;Suisse;Bern;Grund;4;5.6;1044;1933;46.45171;7.29354;https://www.gstaad.ch/bergbahnen/;;forfait;site refusé (robots.txt ou 429);;;;;;;
ch-wolzenalp-krummenau;Wolzenalp (Krummenau);Suisse;Saint Gallen;Nesslau;0;0;;;47.22472;9.19606;https://www.wolzen.ch/;;photo et forfait;site visité, rien d'exploitable dans ses métadonnées ni ses tableaux;;;;;;;
cy-troodos-ski-resort;Troodos Ski Resort;Chypre;Limassol;;4;4.2;1789;1936;34.93447;32.86602;https://www.cyprusski.com/;;photo et forfait;site refusé (robots.txt ou 429);;;;;;;
cz-bedrichov;Bedřichov;Tchéquie;Liberec;;4;0.4;732;801;50.78790;15.13996;;;photo et forfait;aucun site web connu (OpenSkiMap n'en publie pas);;;;;;;
cz-bedrichov-klindera;Bedřichov - Klindera;Tchéquie;Liberec;;1;0.5;732;786;50.78483;15.14521;;;photo et forfait;aucun site web connu (OpenSkiMap n'en publie pas);;;;;;;
cz-benecko-na-sychrove;Benecko - Na Sychrově;Tchéquie;Liberec;;2;0.2;878;930;50.66894;15.55994;;;photo et forfait;aucun site web connu (OpenSkiMap n'en publie pas);;;;;;;
cz-biocel-zlatnik;Biocel Zlatník;Tchéquie;Moravian-Silesian;;2;1.1;645;732;49.53714;18.50264;http://www.skizlatnik.cz/;;forfait;site visité, rien d'exploitable dans ses métadonnées ni ses tableaux;;;;;;;
cz-bouda-mama;Bouda Máma;Tchéquie;Hradec Králové;;1;0.2;844;874;50.70799;15.73195;;;photo et forfait;aucun site web connu (OpenSkiMap n'en publie pas);;;;;;;
cz-bozi-dar;Boží Dar;Tchéquie;Karlovy Vary;;6;7.3;882;1130;50.39908;12.95352;http://skiarealbozidar.cz/en/homepage-en/;http://skiarealbozidar.cz/en/price-list/;forfait;site visité, rien d'exploitable dans ses métadonnées ni ses tableaux;;;;;;;
cz-bukovka;Bukovka;Tchéquie;Liberec;;2;1;567;712;50.77138;15.24255;;;photo;aucun site web connu (OpenSkiMap n'en publie pas);;;;;;;
cz-bystre;Bystré;Tchéquie;Pardubice;;1;0;524;610;49.64103;16.37190;https://www.skibystre.cz/;https://www.skibystre.cz/?page_id=16;photo et forfait;site visité, rien d'exploitable dans ses métadonnées ni ses tableaux;;;;;;;
cz-cerinek;Čeřínek;Tchéquie;Vysocina;;2;0.5;658;749;49.37388;15.43055;https://zkopcedolu.cz/cerinek;;forfait;site visité, rien d'exploitable dans ses métadonnées ni ses tableaux;;;;;;;
cz-cesky-jiretin;Český Jiřetín;Tchéquie;Ústecký;;3;1.7;631;796;50.70137;13.54740;https://ski.ceskyjiretin.cz/;https://ski.ceskyjiretin.cz/cenik/;forfait;site visité, rien d'exploitable dans ses métadonnées ni ses tableaux;;;;;;;
cz-churanov-zadov;Churáňov - Zadov;Tchéquie;South Bohemian;;2;1.4;888;1080;49.07145;13.62663;;;photo;aucun site web connu (OpenSkiMap n'en publie pas);;;;;;;
cz-dalecin;Dalečín;Tchéquie;Vysocina;;1;0;525;639;49.58781;16.23444;http://www.skidalecin.cz/Dalecin/index2.html;;forfait;site visité, rien d'exploitable dans ses métadonnées ni ses tableaux;;;;;;;
cz-debrnik;Debrník;Tchéquie;Plzeň;;1;0.6;804;895;49.12838;13.23741;https://www.lv-debrnik.cz;https://www.lv-debrnik.cz/cenik.php;forfait;site visité, rien d'exploitable dans ses métadonnées ni ses tableaux;;;;;;;
cz-destne-na-spicaku;Deštné - Na Špičáku;Tchéquie;Hradec Králové;;1;0.4;652;718;50.30564;16.34196;;;photo;aucun site web connu (OpenSkiMap n'en publie pas);;;;;;;
cz-destne-v-orlickych-horach;Deštné v Orlických horách;Tchéquie;dolnoslaskie;Duszniki-Zdrój;6;5.8;645;869;50.27289;16.44320;https://www.skicentrumdestne.cz/;https://destne.cz/page/ceny;forfait;site visité, rien d'exploitable dans ses métadonnées ni ses tableaux;;;;;;;
cz-dvoracky;Dvoračky;Tchéquie;Liberec;;1;1.8;1054;1124;50.74880;15.50325;;;photo et forfait;aucun site web connu (OpenSkiMap n'en publie pas);;;;;;;
cz-fajtuv-kopec;Fajtův kopec;Tchéquie;Vysocina;;4;1.1;490;558;49.36088;16.02766;https://www.skivm.cz/;https://www.skivm.cz/ski-areal/cenik-jizdneho;forfait;site visité, rien d'exploitable dans ses métadonnées ni ses tableaux;;;;;;;
cz-fela-zlatnik;FELA Zlatník;Tchéquie;Moravian-Silesian;;2;0.6;642;743;49.53512;18.50017;http://www.fela-zlatnik.cz/;;photo;site visité, rien d'exploitable dans ses métadonnées ni ses tableaux;;;;;;;
cz-figura-praded;Figura Praděd;Tchéquie;Moravian-Silesian;;5;4.1;1235;1441;50.10668;17.17765;https://www.figura.cz/ski-areal-praded/sjezdove-lyzovani/;;photo et forfait;site visité, rien d'exploitable dans ses métadonnées ni ses tableaux;;;;;;;
cz-friesovy-boudy;Friesovy boudy;Tchéquie;Hradec Králové;;1;0.7;1108;1229;50.69933;15.64925;;;photo et forfait;aucun site web connu (OpenSkiMap n'en publie pas);;;;;;;
cz-hanusovice-vysoka;Hanušovice - Vysoká;Tchéquie;Olomouc;;1;0;725;799;50.12024;16.88279;;;photo et forfait;aucun site web connu (OpenSkiMap n'en publie pas);;;;;;;
cz-harrachov;Harrachov;Tchéquie;Liberec;Nový Svět;7;6.4;669;1021;50.76429;15.43790;;;photo et forfait;aucun site web connu (OpenSkiMap n'en publie pas);;;;;;;
cz-hlinsko;Hlinsko;Tchéquie;Pardubice;;4;0.9;556;646;49.75285;15.90023;https://www.skihlinsko.cz/;https://www.skihlinsko.cz/en/cenik/;forfait;site visité, rien d'exploitable dans ses métadonnées ni ses tableaux;;;;;;;
cz-hochficht-bohmerwald;Hochficht-Böhmerwald;Tchéquie;South Bohemian;;9;15.9;856;1332;48.74005;13.88801;https://www.hochficht.at/;https://skisport.com/hochficht/de/tickets-preise;forfait;site visité, rien d'exploitable dans ses métadonnées ni ses tableaux;;;;;;;
cz-hodkovice-nad-mohelkou-burin;Hodkovice nad Mohelkou - Buřín;Tchéquie;Liberec;;1;1.5;438;527;50.68192;15.09121;https://www.burin.cz/;;photo;site visité, rien d'exploitable dans ses métadonnées ni ses tableaux;;;;;;;
cz-horal;Horal;Tchéquie;Zlín;;1;0;641;694;49.37554;18.39097;;;photo;aucun site web connu (OpenSkiMap n'en publie pas);;;;;;;
cz-horni-podluzi;Horní Podluží;Tchéquie;Ústecký;Dolní Podluží;4;2.1;452;570;50.87556;14.55584;https://www.ski-podluzi.cz/;;photo;site refusé (robots.txt ou 429);;;;;;;
cz-horni-radoun-cihadlo;Horní Radouň - Čihadlo;Tchéquie;South Bohemian;;1;0;591;638;49.25071;14.99374;;;photo et forfait;aucun site web connu (OpenSkiMap n'en publie pas);;;;;;;
cz-horsky-resort-bukova-hora;Horský resort Buková hora;Tchéquie;Olomouc;Štíty;4;8.1;554;955;50.02793;16.68679;https://www.skibukovka.cz/cz/;https://www.skibukovka.cz/cz/lyzovani/cenik-zima-cervena-voda-a-cenkovice;photo et forfait;site visité, rien d'exploitable dans ses métadonnées ni ses tableaux;;;;;;;
cz-janske-lazne-cerna-hora;Janské Lázně - Černá hora;Tchéquie;Hradec Králové;;17;17.9;630;1264;50.65107;15.76090;https://skiresort.cz/;https://leto.skiresort.cz/cenik/;forfait;site visité, rien d'exploitable dans ses métadonnées ni ses tableaux;;;;;;;
cz-javorna;Javorná;Tchéquie;Plzeň;;2;1.7;814;896;49.21349;13.29328;https://www.rsjavorna.cz/skijavorna/;;photo et forfait;site visité, rien d'exploitable dans ses métadonnées ni ses tableaux;;;;;;;
cz-javornik-na-sumave;Javorník na Šumavě;Tchéquie;South Bohemian;;2;0.4;966;1031;49.13768;13.66046;;;photo;aucun site web connu (OpenSkiMap n'en publie pas);;;;;;;
cz-javorovy-vrch;Javorový Vrch;Tchéquie;Moravian-Silesian;;3;3;458;945;49.63379;18.63363;;;photo;aucun site web connu (OpenSkiMap n'en publie pas);;;;;;;
cz-jezerne;Jezerné;Tchéquie;Zlín;;1;0;557;616;49.37657;18.27415;https://www.skiarealjezerne.cz/;;photo;site visité, rien d'exploitable dans ses métadonnées ni ses tableaux;;;;;;;
cz-josefuv-dul;Josefův Důl;Tchéquie;Liberec;;5;1.7;567;729;50.78123;15.22996;;;photo et forfait;aucun site web connu (OpenSkiMap n'en publie pas);;;;;;;
cz-kaste-petrikov;Kaste Petříkov;Tchéquie;Olomouc;;1;0.7;781;948;50.19996;17.04147;;;forfait;aucun site web connu (OpenSkiMap n'en publie pas);;;;;;;
cz-klepacov;Klepáčov;Tchéquie;Olomouc;;5;1;728;851;50.00887;17.14199;;;photo et forfait;aucun site web connu (OpenSkiMap n'en publie pas);;;;;;;
cz-komari-vizka;Komáří vížka;Tchéquie;Ústecký;;4;1.7;642;770;50.69755;13.86509;https://www.skikomarivizka.cz/;https://www.icesty.cz/termaly-polsko/;forfait;site visité, rien d'exploitable dans ses métadonnées ni ses tableaux;;;;;;;
cz-kostelec;Kostelec;Tchéquie;Hradec Králové;;0;0;;;50.25031;16.40814;https://skikostelec.cz/;;photo et forfait;site visité, rien d'exploitable dans ses métadonnées ni ses tableaux;;;;;;;
cz-kouty;Kouty;Tchéquie;Olomouc;;5;6;568;1093;50.07701;17.14540;;;photo et forfait;aucun site web connu (OpenSkiMap n'en publie pas);;;;;;;
cz-kraslice-saporo;Kraslice - Saporo;Tchéquie;Karlovy Vary;;1;0.9;582;739;50.31814;12.49823;;;photo et forfait;aucun site web connu (OpenSkiMap n'en publie pas);;;;;;;
cz-lazensky-vrch;Lázeňský vrch;Tchéquie;Olomouc;Lipová-lázně;2;0.5;505;602;50.22393;17.14104;https://www.lazenskyvrch.cz/index.php;;photo;site visité, rien d'exploitable dans ses métadonnées ni ses tableaux;;;;;;;
cz-lucifer;Lucifer;Tchéquie;Liberec;;3;0.7;604;729;50.79118;15.21614;;;photo;aucun site web connu (OpenSkiMap n'en publie pas);;;;;;;
cz-lyzarsky-areal-luzna;Lyžařský areál Lužná;Tchéquie;Zlín;;2;1.3;455;655;49.23477;18.01289;;;photo et forfait;aucun site web connu (OpenSkiMap n'en publie pas);;;;;;;
cz-lyzarsky-areal-nemcicky-u-breclavi;Lyžařský areál Němčičky u Břeclavi;Tchéquie;South Moravian;;2;0.6;195;256;48.93008;16.83381;https://www.sportnemcicky.cz/;https://sportnemcicky.cz/cenik/;forfait;site visité, rien d'exploitable dans ses métadonnées ni ses tableaux;;;;;;;
cz-lyzarsky-areal-rohy;Lyžařský areál Rohy;Tchéquie;South Bohemian;;1;0;783;866;48.89366;14.21168;;;photo et forfait;aucun site web connu (OpenSkiMap n'en publie pas);;;;;;;
cz-lyzarsky-areal-svah-zlin;Lyžařský areál Svah Zlín;Tchéquie;Zlín;;3;0.5;289;336;49.21712;17.66770;;;photo et forfait;aucun site web connu (OpenSkiMap n'en publie pas);;;;;;;
cz-lyzarsky-areal-svetly-vrch;Lyžařský areál Světlý vrch;Tchéquie;Liberec;;0;0;;;50.76392;15.28723;;;photo et forfait;aucun site web connu (OpenSkiMap n'en publie pas);;;;;;;
cz-lyzarsky-areal-vernirovice;Lyžařský areál Vernířovice;Tchéquie;Olomouc;;1;0.5;504;609;50.02871;17.12855;;;photo;aucun site web connu (OpenSkiMap n'en publie pas);;;;;;;
cz-lyzarsky-vlek-filip;Lyžařský vlek Filip;Tchéquie;Liberec;;2;0.9;574;661;50.72862;15.25305;;;photo et forfait;aucun site web connu (OpenSkiMap n'en publie pas);;;;;;;
cz-lyzarsky-vlek-kubiska;Lyžařský vlek Kubiška;Tchéquie;Moravian-Silesian;;1;0;630;677;49.37157;18.41905;https://www.skibila.cz/;;forfait;site injoignable (401);;;;;;;
cz-lyzarsky-vlek-popelka;Lyžařský vlek Popelka;Tchéquie;Hradec Králové;;5;0.9;796;850;50.66577;15.61565;https://www.strazne.eu/skiareal/;https://www.strazne.eu/skiareal/cenik/;forfait;site visité, rien d'exploitable dans ses métadonnées ni ses tableaux;;;;;;;
cz-lyzarsky-vlek-stran-cista-voda;Lyžařský vlek Stráň Čistá Voda;Tchéquie;Hradec Králové;;1;0.8;653;782;50.68771;15.57369;;;photo et forfait;aucun site web connu (OpenSkiMap n'en publie pas);;;;;;;
cz-lyzarsky-vlek-visalaje;Lyžařský vlek Visalaje;Tchéquie;Moravian-Silesian;;2;0.8;702;779;49.51610;18.53023;https://www.visalajevlek.cz/;;photo;site refusé (robots.txt ou 429);;;;;;;
cz-majasport;MAJAsport;Tchéquie;Hradec Králové;;1;0.5;711;794;50.71430;15.57943;;;photo et forfait;aucun site web connu (OpenSkiMap n'en publie pas);;;;;;;
cz-marianska-hora;Mariánská Hora;Tchéquie;Liberec;;2;0.5;682;737;50.77028;15.28261;;;photo et forfait;aucun site web connu (OpenSkiMap n'en publie pas);;;;;;;
cz-mezihori;Mezihoří;Tchéquie;Ústecký;;2;0;663;749;50.53650;13.36498;https://tjmezihori.cz/;https://tjmezihori.cz/Price;forfait;site visité, rien d'exploitable dans ses métadonnées ni ses tableaux;;;;;;;
cz-mikulcin-vrch-lopata;Mikulčin vrch - Lopata;Tchéquie;Zlín;;2;1.1;608;739;48.95233;17.80293;https://www.skicentrumbilekarpaty.cz/;;photo et forfait;site injoignable (pas de réponse);;;;;;;
cz-modra-hvezda-bahynka;Modrá hvězda - Bahýnka;Tchéquie;Liberec;;4;1.9;609;727;50.72639;15.47883;https://www.skiregion.cz/cs/rokytnice-nad-jizerou/skiareal-modra-hvezda-bahynka;;photo;site injoignable (403);;;;;;;
cz-mostek;Mostek;Tchéquie;Hradec Králové;;0;0;;;50.49741;15.72411;https://www.facebook.com/people/Skiare%C3%A1l-Mostek/100063750125310/;;photo et forfait;site injoignable (400);;;;;;;
cz-mrakotin;Mrákotín;Tchéquie;Vysocina;;2;0.7;538;597;49.18504;15.38294;http://www.ski-mrakotin.cz/index.php;"http://www.ski-mrakotin.cz/index.php?s=clanky&amp;clanek=3&amp;m=13&amp;jmeno=Cen%C3%ADk%20j%C3%ADzdn%C3%A9ho";forfait;site visité, rien d'exploitable dans ses métadonnées ni ses tableaux;;;;;;;
cz-nedvedice-nutrie;Nedvědice - Nutrie;Tchéquie;Vysocina;;0;0;;;49.46994;16.30772;https://www.skinutrie.cz/;;photo et forfait;site visité, rien d'exploitable dans ses métadonnées ni ses tableaux;;;;;;;
cz-nova-paka-machovka;Nová Paka - Máchovka;Tchéquie;Hradec Králové;Nová Paka;2;0;432;499;50.49187;15.50456;https://www.skimachovka.cz/;https://www.skimachovka.cz/cenik-skipasy/;forfait;site visité, rien d'exploitable dans ses métadonnées ni ses tableaux;;;;;;;
cz-nove-hamry-nad-kostelem;Nové Hamry - Nad kostelem;Tchéquie;Karlovy Vary;;4;1.8;696;824;50.36221;12.71681;;;forfait;aucun site web connu (OpenSkiMap n'en publie pas);;;;;;;
cz-nove-hamry-u-reky;Nové Hamry - U řeky;Tchéquie;Karlovy Vary;;1;0.7;685;763;50.35945;12.71401;;;photo et forfait;aucun site web connu (OpenSkiMap n'en publie pas);;;;;;;
cz-nove-mesto-na-morave;Nové Město na Moravě;Tchéquie;Vysocina;;1;1;643;730;49.57151;16.04899;https://www.skiharusak.cz/;https://skiharusak.cz/skipass/;forfait;site visité, rien d'exploitable dans ses métadonnées ni ses tableaux;;;;;;;
cz-novy-hrozenkov-vranca;Nový Hrozenkov - Vranča;Tchéquie;Zlín;;2;4.3;465;634;49.32928;18.19476;https://www.vranca.cz/;https://pipni.cz/domeny/cenik;photo et forfait;site visité, rien d'exploitable dans ses métadonnées ni ses tableaux;;;;;;;
cz-ondrasova-dolina;Ondrášova dolina;Tchéquie;Moravian-Silesian;;1;0.8;621;768;49.56213;18.42063;;;photo et forfait;aucun site web connu (OpenSkiMap n'en publie pas);;;;;;;
cz-p-o-m-a-malenovice;P.O.M.A. Malenovice;Tchéquie;Moravian-Silesian;;2;0.4;604;698;49.56273;18.42155;;;photo et forfait;aucun site web connu (OpenSkiMap n'en publie pas);;;;;;;
cz-pec-pod-snezkou-506936m157333;Pec pod Sněžkou;Tchéquie;Hradec Králové;;0;0;;;50.69361;15.73333;https://www.skiresort.cz/en/;https://www.skiresort.cz/en/cenik/;forfait;site visité, rien d'exploitable dans ses métadonnées ni ses tableaux;;;;;;;
cz-pernink-velflink;Pernink - Velflink;Tchéquie;Karlovy Vary;;2;0;826;886;50.35998;12.78338;https://skiarealpernink.cz/cs;;photo;site refusé (robots.txt ou 429);;;;;;;
cz-petrikov-relax;Petříkov - Relax;Tchéquie;Olomouc;;1;0.4;766;857;50.19958;17.04551;;;photo;aucun site web connu (OpenSkiMap n'en publie pas);;;;;;;
cz-petrikovice;Petříkovice;Tchéquie;Hradec Králové;;2;1.7;436;576;50.59835;15.98640;https://www.skipetrikovice.cz/;;photo et forfait;site injoignable (456);;;;;;;
cz-plavy;Plavy;Tchéquie;Liberec;;1;0;414;534;50.70175;15.31016;https://www.skiplavy.cz/;;photo et forfait;site visité, rien d'exploitable dans ses métadonnées ni ses tableaux;;;;;;;
cz-pohori-u-malecova;Pohoří u Malečova;Tchéquie;Ústecký;;3;0.7;452;543;50.62177;14.13641;;;photo et forfait;aucun site web connu (OpenSkiMap n'en publie pas);;;;;;;
cz-privrat;Přívrat;Tchéquie;Pardubice;;2;0;447;510;49.92324;16.38889;https://www.ski-privrat.cz/;;photo et forfait;site refusé (robots.txt ou 429);;;;;;;
cz-prkenny-dul-bret;Prkenný Důl - Bret;Tchéquie;Hradec Králové;;2;0.4;522;596;50.64135;15.90533;https://www.bretcz.cz/;;photo;site refusé (robots.txt ou 429);;;;;;;
cz-radvanice;Radvanice;Tchéquie;Hradec Králové;;1;0.4;564;658;50.56767;16.04125;;;photo;aucun site web connu (OpenSkiMap n'en publie pas);;;;;;;
cz-selsky-dvur;Selský dvůr;Tchéquie;Liberec;;1;0.3;560;627;50.76596;15.26929;;;photo et forfait;aucun site web connu (OpenSkiMap n'en publie pas);;;;;;;
cz-serlissky-mlyn;Šerlišský mlýn;Tchéquie;Hradec Králové;;1;0.6;864;963;50.32531;16.36909;;;photo;aucun site web connu (OpenSkiMap n'en publie pas);;;;;;;
cz-severni-svahy;Severní svahy;Tchéquie;Olomouc;;5;4;872;1159;50.12389;17.15629;;;forfait;aucun site web connu (OpenSkiMap n'en publie pas);;;;;;;
cz-sibenicni-vrch;Šibeniční vrch;Tchéquie;Central Bohemian;Mnichovice;2;0.3;392;422;49.93778;14.72095;;;photo;aucun site web connu (OpenSkiMap n'en publie pas);;;;;;;
cz-sjezdovka-na-vysoke;Sjezdovka na Vysoké;Tchéquie;Plzeň;;1;0.3;488;551;49.79679;12.61546;Sjezdovka na Vysoké;;photo et forfait;site connu, non visité;;;;;;;
cz-sjezdovka-severka;sjezdovka Severka;Tchéquie;Hradec Králové;;1;0;422;505;50.44914;15.72340;http://www.facebook.com/p/Sjezdovka-Severka-100061028420800/;;photo et forfait;site injoignable (400);;;;;;;
cz-ski-annaberg;Ski Annaberg;Tchéquie;Moravian-Silesian;;4;2.3;711;846;50.07226;17.38451;https://www.annabergski.cz/;;photo;site refusé (robots.txt ou 429);;;;;;;
cz-ski-areal-bosino;Ski areál Bosíno;Tchéquie;Liberec;Horní Rokytnice;1;0;623;654;50.72408;15.46890;;;photo et forfait;aucun site web connu (OpenSkiMap n'en publie pas);;;;;;;
cz-ski-areal-dolni-dvur;Ski areál Dolní Dvůr;Tchéquie;Hradec Králové;;4;0.8;561;632;50.65562;15.65634;;;photo;aucun site web connu (OpenSkiMap n'en publie pas);;;;;;;
cz-ski-areal-karolinka;Ski areál Karolinka;Tchéquie;Zlín;;3;2.1;492;700;49.34668;18.25389;;;photo;aucun site web connu (OpenSkiMap n'en publie pas);;;;;;;
cz-ski-areal-na-cele;Ski areál Na Čele;Tchéquie;Moravian-Silesian;;2;0.7;460;568;49.53019;18.39001;http://skiostravice.cz/;;photo et forfait;site injoignable (pas de réponse);;;;;;;
cz-ski-areal-opalena;Ski areál Opálená;Tchéquie;Moravian-Silesian;;3;0.6;556;646;49.57083;18.30826;https://www.areal-opalena.cz/?uri=/;;photo;site injoignable (pas de réponse);;;;;;;
cz-ski-areal-palkovice;Ski areál Palkovice;Tchéquie;Moravian-Silesian;;2;0.6;339;443;49.62501;18.31539;https://www.skipalkovice.cz/;;photo;site injoignable (404);;;;;;;
cz-ski-areal-primda;Ski areál Přimda;Tchéquie;Plzeň;;2;0.4;699;794;49.68337;12.67296;http://www.sportprimda.cz;;photo et forfait;site injoignable (pas de réponse);;;;;;;
cz-ski-areal-sacberk;Ski areál Šacberk;Tchéquie;Vysocina;;2;0.5;533;611;49.43640;15.57998;https://www.sacberk.cz/;https://www.sacberk.cz/cz/provozni-doba-cenik;forfait;site visité, rien d'exploitable dans ses métadonnées ni ses tableaux;;;;;;;
cz-ski-areal-sachrovka;Ski areál Sachrovka;Tchéquie;Liberec;;2;1.2;620;876;50.72590;15.48353;https://www.skiregion.cz/cs/rokytnice-nad-jizerou/skiareal-modra-hvezda-bahynka;;photo;site injoignable (403);;;;;;;
cz-ski-areal-sedlar;Ski areál Sedlář;Tchéquie;Moravian-Silesian;;1;0;771;866;50.07714;17.31163;;;photo et forfait;aucun site web connu (OpenSkiMap n'en publie pas);;;;;;;
cz-ski-areal-struhy;Ski areál Struhy;Tchéquie;Liberec;;1;0.3;262;310;50.58700;15.17587;;;photo et forfait;aucun site web connu (OpenSkiMap n'en publie pas);;;;;;;
cz-ski-areal-sukacka;Ski areál Šukačka;Tchéquie;Plzeň;;1;0.4;882;952;49.22394;13.26708;;;photo et forfait;aucun site web connu (OpenSkiMap n'en publie pas);;;;;;;
cz-ski-bike-spicak;Ski&Bike Špičák;Tchéquie;Plzeň;;7;7.4;842;1200;49.16758;13.21680;;;forfait;aucun site web connu (OpenSkiMap n'en publie pas);;;;;;;
cz-ski-centrum-oaza;Ski Centrum Oáza;Tchéquie;Olomouc;;1;0.3;543;593;50.07439;17.08099;https://www.penzionoaza.cz/lyzarska-sezona/;https://www.penzionoaza.cz/ski-areal-loucna-nad-desnou/cenik-skipasu/;photo et forfait;site visité, rien d'exploitable dans ses métadonnées ni ses tableaux;;;;;;;
cz-ski-centrum-oaza-500746m170818;Ski Centrum Oáza;Tchéquie;Olomouc;;3;0.8;494;602;50.07462;17.08180;https://www.penzionoaza.cz/lyzarska-sezona/;;photo;site visité, rien d'exploitable dans ses métadonnées ni ses tableaux;;;;;;;
cz-ski-klub-prachen;Ski klub Prácheň;Tchéquie;Liberec;;1;0.4;488;596;50.76848;14.49957;;;forfait;aucun site web connu (OpenSkiMap n'en publie pas);;;;;;;
cz-ski-malenovice;Ski Malenovice;Tchéquie;Moravian-Silesian;;3;2.3;515;715;49.54650;18.45001;https://skimalenovice.cz/;;forfait;site injoignable (401);;;;;;;
cz-ski-nezdice;Ski Nezdice;Tchéquie;Plzeň;;1;1.3;670;745;49.16700;13.61295;;;photo et forfait;aucun site web connu (OpenSkiMap n'en publie pas);;;;;;;
cz-ski-ostruzna-retezarna;Ski Ostružná - Řetězárna;Tchéquie;Olomouc;;1;0.9;832;924;50.19170;17.03246;;;photo;aucun site web connu (OpenSkiMap n'en publie pas);;;;;;;
cz-ski-pancir;Ski Pancíř;Tchéquie;Plzeň;;3;1.9;857;1095;49.17002;13.24080;;;forfait;aucun site web connu (OpenSkiMap n'en publie pas);;;;;;;
cz-ski-sachty;Ski Šachty;Tchéquie;Liberec;;5;4.6;511;707;50.69654;15.39393;https://www.skisachty.cz/;https://www.skisachty.cz/cenik-sezona-2025-2026/dulezite-informace-k-ceniku-a-provozu/;photo et forfait;site visité, rien d'exploitable dans ses métadonnées ni ses tableaux;;;;;;;
cz-skiareal-benecko;Skiareál Benecko;Tchéquie;Liberec;;14;4;667;853;50.66188;15.55017;https://www.benecko.info/zima/skiareal-benecko/;;photo;site visité, rien d'exploitable dans ses métadonnées ni ses tableaux;;;;;;;
cz-skiareal-horni-guntramovice;Skiareál Horní Guntramovice;Tchéquie;Moravian-Silesian;;1;0.6;587;696;49.79197;17.55955;https://www.skiguntramovice.cz;;photo et forfait;site injoignable (401);;;;;;;
cz-skiareal-jested-jeschken;Skiareál Ještěd, Jeschken;Tchéquie;Liberec;Liberec;8;9;537;924;50.72730;14.99937;https://www.skijested.cz/;https://www.skijested.cz/zazitky/skolni-vylety/cenik;forfait;site visité, rien d'exploitable dans ses métadonnées ni ses tableaux;;;;;;;
cz-skiareal-jizersky-kopec;Skiareál Jizerský kopec;Tchéquie;Liberec;;1;0.2;742;794;50.77418;15.35967;;;photo et forfait;aucun site web connu (OpenSkiMap n'en publie pas);;;;;;;
cz-skiareal-klinovec;Skiareál Klínovec;Tchéquie;Karlovy Vary;;14;19.7;752;1240;50.38769;12.97114;https://klinovec.cz/;https://klinovec.cz/ceniky-skipasu/;forfait;site visité, rien d'exploitable dans ses métadonnées ni ses tableaux;;;;;;;
cz-skiareal-mytiny;Skiareál Mýtiny;Tchéquie;Liberec;;1;0.4;628;716;50.77048;15.38710;;;photo et forfait;aucun site web connu (OpenSkiMap n'en publie pas);;;;;;;
cz-skiareal-nizbor;Skiareál Nižbor;Tchéquie;Central Bohemian;;1;0;306;357;49.99551;14.00042;;;photo et forfait;aucun site web connu (OpenSkiMap n'en publie pas);;;;;;;
cz-skiareal-parez;Skiareál Pařez;Tchéquie;Liberec;;2;0.5;620;680;50.73581;15.43983;https://www.udatny.info/;;photo;site visité, rien d'exploitable dans ses métadonnées ni ses tableaux;;;;;;;
cz-skiareal-severka;Skiareál Severka;Tchéquie;Moravian-Silesian;;4;1.8;710;955;49.51903;18.70863;;;photo;aucun site web connu (OpenSkiMap n'en publie pas);;;;;;;
cz-skiareal-spicka;Skiareál Špička;Tchéquie;Hradec Králové;;1;1.8;476;611;50.62771;15.66256;;;photo et forfait;aucun site web connu (OpenSkiMap n'en publie pas);;;;;;;
cz-skiareal-spindleruv-mlyn-medvedin;Skiareál Špindlerův Mlýn - Medvědín;Tchéquie;dolnoslaskie;Lubawka Obszar Wiejski;9;16.5;693;1233;50.71194;15.61103;https://www.skiareal.cz/en/;https://www.skiareal.cz/ceniky/spindl-motion-rental-shop-medvedin;forfait;site visité, rien d'exploitable dans ses métadonnées ni ses tableaux;;;;;;;
cz-skiareal-u-capa;skiareál U Čápa;Tchéquie;Liberec;;4;2.8;689;795;50.73859;15.34872;;;photo;aucun site web connu (OpenSkiMap n'en publie pas);;;;;;;
cz-skiareal-zdechov;Skiareál Zděchov;Tchéquie;Zlín;;1;0.4;519;593;49.25822;18.07189;;;photo et forfait;aucun site web connu (OpenSkiMap n'en publie pas);;;;;;;
cz-skiarena-karlov;Skiarena Karlov;Tchéquie;Moravian-Silesian;Rýmařov;4;3.9;685;849;50.00617;17.23696;;;photo et forfait;aucun site web connu (OpenSkiMap n'en publie pas);;;;;;;
cz-skiarena-pisek;Skiaréna Písek;Tchéquie;South Bohemian;;1;0.2;381;430;49.30613;14.12587;;;photo et forfait;aucun site web connu (OpenSkiMap n'en publie pas);;;;;;;
cz-skicentrum-petr-udatny;Skicentrum Petr Udatný;Tchéquie;Liberec;;7;1.5;557;686;50.73526;15.45739;https://www.udatny.info/;;photo;site visité, rien d'exploitable dans ses métadonnées ni ses tableaux;;;;;;;
cz-skipark-frymburk;Skipark Frymburk;Tchéquie;South Bohemian;Frymburk;4;0;752;833;48.65933;14.17498;https://parkfrymburk.cz/cz/uvod-zima;;photo;site injoignable (403);;;;;;;
cz-spindleruv-mlyn-labska;Špindlerův Mlýn - Labská;Tchéquie;Hradec Králové;;1;1.5;712;1035;50.71962;15.57615;;;photo et forfait;aucun site web connu (OpenSkiMap n'en publie pas);;;;;;;
cz-stozek;Stożek;Tchéquie;Silesian Voivodeship;Wisła;2;3.2;703;934;49.60238;18.82950;;;photo;aucun site web connu (OpenSkiMap n'en publie pas);;;;;;;
cz-stribrna-lisak;Stříbrná - Lišák;Tchéquie;Karlovy Vary;;2;2.3;612;787;50.35825;12.51952;;;forfait;aucun site web connu (OpenSkiMap n'en publie pas);;;;;;;
cz-svahova;Svahová;Tchéquie;Ústecký;;1;0.3;697;768;50.55119;13.41455;;;photo et forfait;aucun site web connu (OpenSkiMap n'en publie pas);;;;;;;
cz-svata-anna;Svatá Anna;Tchéquie;Vysocina;;1;0;477;518;49.72215;15.68255;https://skichotebor.tode.cz/;;photo et forfait;site visité, rien d'exploitable dans ses métadonnées ni ses tableaux;;;;;;;
cz-svetla-nad-sazavou-kadlecak;Světlá nad Sázavou - Kadlečák;Tchéquie;Vysocina;;1;0;479;538;49.67601;15.37600;https://skikadlecak.cz/home;https://skikadlecak.cz/cenik-leto;forfait;site visité, rien d'exploitable dans ses métadonnées ni ses tableaux;;;;;;;
cz-svetly-vrch;Světlý vrch;Tchéquie;Liberec;Albrechtice v Jizerských horách;2;0.7;632;708;50.76253;15.28700;;;photo et forfait;aucun site web connu (OpenSkiMap n'en publie pas);;;;;;;
cz-tj-radegast-sihly;TJ Radegast Sihly;Tchéquie;Moravian-Silesian;;1;0.5;671;780;49.53354;18.51543;http://www.visalaje.cz/areal.php;;photo et forfait;site visité, rien d'exploitable dans ses métadonnées ni ses tableaux;;;;;;;
cz-trnava-luhy;Trnava-Luhy;Tchéquie;Zlín;;1;0.4;432;508;49.31750;17.85629;https://www.rstrnava.cz/;;photo et forfait;site visité, rien d'exploitable dans ses métadonnées ni ses tableaux;;;;;;;
cz-u-karla;U Karla;Tchéquie;Hradec Králové;;3;0.5;676;742;50.68290;15.77826;;;photo;aucun site web connu (OpenSkiMap n'en publie pas);;;;;;;
cz-umbule;Umbule;Tchéquie;Pardubice;Letohrad;1;0;388;492;50.01475;16.52664;;;photo et forfait;aucun site web connu (OpenSkiMap n'en publie pas);;;;;;;
cz-vlek-kladenka;vlek Kladenka;Tchéquie;Hradec Králové;;1;0.3;949;1005;50.68046;15.74585;;;photo et forfait;aucun site web connu (OpenSkiMap n'en publie pas);;;;;;;
cz-vlek-tisa;vlek Tisá;Tchéquie;Ústecký;;1;0.4;516;576;50.77635;14.03024;;;photo et forfait;aucun site web connu (OpenSkiMap n'en publie pas);;;;;;;
cz-vsacky-cab;Vsacký cáb;Tchéquie;Zlín;;1;0;771;825;49.37435;18.09616;;;photo et forfait;aucun site web connu (OpenSkiMap n'en publie pas);;;;;;;
cz-vyprachtice-ovaz;Výprachtice - Ovaz;Tchéquie;Pardubice;;2;0.4;698;767;49.99998;16.67188;;;photo et forfait;aucun site web connu (OpenSkiMap n'en publie pas);;;;;;;
cz-vysoke-zibridovice;Vysoké Žibřidovice;Tchéquie;Olomouc;;1;0;556;572;50.11840;16.91656;;;photo et forfait;aucun site web connu (OpenSkiMap n'en publie pas);;;;;;;
cz-weissova-louka;Weissova louka;Tchéquie;Plzeň;;2;0.4;946;994;49.17090;13.22675;;;photo et forfait;aucun site web connu (OpenSkiMap n'en publie pas);;;;;;;
cz-zasada;Zásada;Tchéquie;Liberec;;1;0;521;612;50.70018;15.25926;https://www.zasadaskicentrum.cz/;https://www.zasadaskicentrum.cz/ski-areal-zasada/informace-o-arealu/cenik-vleku;forfait;site visité, rien d'exploitable dans ses métadonnées ni ses tableaux;;;;;;;
cz-zetocha;Zetocha;Tchéquie;Olomouc;;1;0.2;741;783;50.19616;17.05029;;;photo et forfait;aucun site web connu (OpenSkiMap n'en publie pas);;;;;;;
cz-zlata-olesnice;Zlatá Olešnice;Tchéquie;Liberec;;1;1.2;513;652;50.71165;15.35652;;;photo;aucun site web connu (OpenSkiMap n'en publie pas);;;;;;;
cz-zvicina;Zvičina;Tchéquie;Hradec Králové;;1;2.3;657;660;50.45842;15.69431;https://www.facebook.com/skizvicina;;photo;site injoignable (400);;;;;;;
de-aggershausen;Aggershausen;Allemagne;Baden-Württemberg;Mahlstetten;2;1.3;849;897;48.07732;8.81044;;;photo et forfait;aucun site web connu (OpenSkiMap n'en publie pas);;;;;;;
de-beiningen;Beiningen;Allemagne;Baden-Württemberg;Blaubeuren Abbey;1;0.6;628;664;48.38106;9.81513;;;photo et forfait;aucun site web connu (OpenSkiMap n'en publie pas);;;;;;;
de-beiwald;Beiwald;Allemagne;Baden-Württemberg;St. Johann;2;0.7;713;776;48.44548;9.40025;;;photo;aucun site web connu (OpenSkiMap n'en publie pas);;;;;;;
de-berghalde-penzburg;Berghalde - Penzburg;Allemagne;Bavaria;Penzberg;1;0;611;644;47.75739;11.38609;https://www.penzberg.de/kultur-und-freizeit/sport-freizeit/sportanlagen-und-hallen/freizeit-und-erholungszentrum-berghalde/;;photo et forfait;site visité, rien d'exploitable dans ses métadonnées ni ses tableaux;;;;;;;
de-bitz;Bitz;Allemagne;Baden-Württemberg;Albstadt;1;0.2;863;894;48.26293;9.07348;;;photo et forfait;aucun site web connu (OpenSkiMap n'en publie pas);;;;;;;
de-bottingen;Böttingen;Allemagne;Baden-Württemberg;Böttingen;1;1.1;900;964;48.09739;8.80862;https://www.skilift-boettingen.de/;;photo;site visité, rien d'exploitable dans ses métadonnées ni ses tableaux;;;;;;;
de-bromberg-alm;Bromberg Alm;Allemagne;Bavaria;Böbing;1;0;814;922;47.72652;11.03971;https://www.bromberg-alm.de/;;forfait;site visité, rien d'exploitable dans ses métadonnées ni ses tableaux;;;;;;;
de-burladingen;Burladingen;Allemagne;Baden-Württemberg;Burladingen;1;1.2;743;897;48.28702;9.09519;;;photo et forfait;aucun site web connu (OpenSkiMap n'en publie pas);;;;;;;
de-deilingen;Deilingen;Allemagne;Baden-Württemberg;Deilingen;1;0.2;867;904;48.16984;8.80244;;;photo;aucun site web connu (OpenSkiMap n'en publie pas);;;;;;;
de-ebingen;Ebingen;Allemagne;Baden-Württemberg;Albstadt;2;2.4;758;929;48.19735;9.00227;;;photo et forfait;aucun site web connu (OpenSkiMap n'en publie pas);;;;;;;
de-eck;Eck;Allemagne;Bavaria;Arnbruck;2;2.9;841;1057;49.12615;13.05238;http://www.skieck.de/;http://www.skieck.de/index.php/skilift-eck/preisliste.html;photo et forfait;site visité, rien d'exploitable dans ses métadonnées ni ses tableaux;;;;;;;
de-engstingen;Engstingen;Allemagne;Baden-Württemberg;Engstingen;6;4.3;697;775;48.38291;9.32268;;;forfait;aucun site web connu (OpenSkiMap n'en publie pas);;;;;;;
de-erbeskopf;Erbeskopf;Allemagne;Rhineland-Palatinate;Hilscheid;4;1.9;687;798;49.73308;7.08613;https://www.erbeskopf.de/tourismus/wintersportzentrum-erbeskopf.html;;forfait;site visité, rien d'exploitable dans ses métadonnées ni ses tableaux;;;;;;;
de-eschenlohe-auf-der-rieder;Eschenlohe auf der Rieder;Allemagne;Bavaria;Eschenlohe;1;0.8;643;698;47.58423;11.18739;https://www.eschenlohe.de/;;forfait;site visité, rien d'exploitable dans ses métadonnées ni ses tableaux;;;;;;;
de-etzelwang;Etzelwang;Allemagne;Bavaria;Etzelwang;1;1.7;415;513;49.51972;11.57971;https://www.brennberglift.de/;;photo;site injoignable (pas de réponse);;;;;;;
de-familienabfahrt;Familienabfahrt;Allemagne;Baden-Württemberg;Nattheim;0;0;;;48.70680;10.23189;;;photo et forfait;aucun site web connu (OpenSkiMap n'en publie pas);;;;;;;
de-fridingen-antoni;Fridingen Antoni;Allemagne;Baden-Württemberg;Fridingen an der Donau;2;0.8;674;780;48.01843;8.94100;https://4-host.de/sc-fridingen/;;photo;site visité, rien d'exploitable dans ses métadonnées ni ses tableaux;;;;;;;
de-frohnd;Fröhnd;Allemagne;Baden-Württemberg;Fröhnd;1;4.7;698;985;47.76521;7.86149;;;photo;aucun site web connu (OpenSkiMap n'en publie pas);;;;;;;
de-glonn;Glonn;Allemagne;Bavaria;Glonn;0;0.2;573;604;47.99594;11.85428;https://www.skilift-glonn.de/;;photo et forfait;site injoignable (pas de réponse);;;;;;;
de-gohrersberg-kreuzthal;Gohrersberg – Kreuzthal;Allemagne;Bavaria;Buchenberg;1;2.4;809;946;47.71971;10.12026;https://www.gohrersberg.de/;https://www.gohrersberg.de/skilift/preise/;forfait;site visité, rien d'exploitable dans ses métadonnées ni ses tableaux;;;;;;;
de-grunsteinlift-berchtesgaden;Grünsteinlift (Berchtesgaden);Allemagne;Bavaria;Schönau am Königsee;1;0.4;642;751;47.60380;12.96577;;;photo;aucun site web connu (OpenSkiMap n'en publie pas);;;;;;;
de-hartenrod;Hartenrod;Allemagne;Hesse;Bad Endbach;2;1.6;374;494;50.74920;8.45415;;;forfait;aucun site web connu (OpenSkiMap n'en publie pas);;;;;;;
de-heroldstatt;Heroldstatt;Allemagne;Baden-Württemberg;Blaubeuren Abbey;1;0.2;750;778;48.43845;9.65993;;;photo et forfait;aucun site web connu (OpenSkiMap n'en publie pas);;;;;;;
de-herzogstandbahn-walchensee;Herzogstandbahn (Walchensee);Allemagne;Bavaria;Kochel;2;0.8;1410;1621;47.60345;11.31410;https://www.herzogstandbahn.de/;https://www.herzogstandbahn.de/fahrpreise;photo et forfait;site visité, rien d'exploitable dans ses métadonnées ni ses tableaux;;;;;;;
de-hesselbacher-gletscher;Hesselbacher Gletscher;Allemagne;North Rhine-Westphalia;Bad Laasphe;2;0.7;408;495;50.88424;8.35116;https://www.hesselbachergletscher.de/;https://www.hesselbachergletscher.de/oeffnungszeitenpreise/;forfait;site visité, rien d'exploitable dans ses métadonnées ni ses tableaux;;;;;;;
de-heumoderntal-treuchtlingen;Heumöderntal - Treuchtlingen;Allemagne;Bavaria;Treuchtlingen;1;0;434;513;48.95672;10.89502;https://www.heumoedernlift.de/;;photo et forfait;site refusé (robots.txt ou 429);;;;;;;
de-hirtenteich;Hirtenteich;Allemagne;Baden-Württemberg;Essingen;3;3.5;573;689;48.78749;9.98918;;;photo et forfait;aucun site web connu (OpenSkiMap n'en publie pas);;;;;;;
de-isny-felderhalde;Isny / Felderhalde;Allemagne;Baden-Württemberg;Isny im Allgäu;3;1.3;718;771;47.68428;10.03174;;;photo;aucun site web connu (OpenSkiMap n'en publie pas);;;;;;;
de-kaiserblick-sachrang-aschau;Kaiserblick Sachrang (Aschau);Allemagne;Bavaria;Aschau im Chiemgau;6;0.2;732;763;47.68639;12.25761;http://www.skilift-kaiserblick.de/;;photo;site visité, rien d'exploitable dans ses métadonnées ni ses tableaux;;;;;;;
de-kirchberglift-am-frobelturm;Kirchberglift am Fröbelturm;Allemagne;Thuringia;Oberweißbach;1;0.1;766;783;50.57685;11.14835;https://www.thueringer-wald.com/en/w/kirchberglift-am-froebelturm;;forfait;site visité, rien d'exploitable dans ses métadonnées ni ses tableaux;;;;;;;
de-kolbensattel-oberammergau;Kolbensattel (Oberammergau);Allemagne;Bavaria;Oberammergau;9;1;871;990;47.59507;11.03985;https://www.kolbensattel.de/;https://kolbensattel-im-sommer.de/2025/05/04/nur-kartenzahlung-am-ticketautomaten/;forfait;site visité, rien d'exploitable dans ses métadonnées ni ses tableaux;;;;;;;
de-ludwigsstadt;Ludwigsstadt;Allemagne;Bavaria;Ludwigsstadt;0;0;;;50.48296;11.38423;https://www.skizentrum-ludwigsstadt.de/;;photo et forfait;site visité, rien d'exploitable dans ses métadonnées ni ses tableaux;;;;;;;
de-me-stetten;Meßstetten;Allemagne;Baden-Württemberg;Meßstetten;1;0.4;836;932;48.16790;8.96417;;;photo et forfait;aucun site web connu (OpenSkiMap n'en publie pas);;;;;;;
de-monte-kubota;Monte Kubota;Allemagne;Rhineland-Palatinate;Zweibrücken;1;0.6;297;327;49.24084;7.39274;https://der-skiclub.de/;;forfait;site visité, rien d'exploitable dans ses métadonnées ni ses tableaux;;;;;;;
de-neukirchen-am-teisenberg;Neukirchen am Teisenberg;Allemagne;Bavaria;Teisendorf;1;0.8;711;817;47.82145;12.75764;;;photo et forfait;aucun site web connu (OpenSkiMap n'en publie pas);;;;;;;
de-oberer-maxlraineralm;Oberer Maxlraineralm;Allemagne;Bavaria;Schliersee;3;1.6;1347;1597;47.66006;11.90478;https://www.obere-maxlraineralm.com/;;forfait;site visité, rien d'exploitable dans ses métadonnées ni ses tableaux;;;;;;;
de-onstmettingen;Onstmettingen;Allemagne;Baden-Württemberg;Albstadt;2;0.3;860;893;48.29708;8.98234;;;photo;aucun site web connu (OpenSkiMap n'en publie pas);;;;;;;
de-otzlifte-kochel;Ötzlifte-Kochel;Allemagne;Bavaria;Kochel;3;2.4;652;865;47.67052;11.40277;https://www.oetzlifte-kochel.de/;;photo;site visité, rien d'exploitable dans ses métadonnées ni ses tableaux;;;;;;;
de-pfannilift-am-schliersee;Pfannilift am Schliersee;Allemagne;Bavaria;Schliersee;1;0.2;836;872;47.70301;11.86468;https://www.maier-schmotz.de/skilift.php;;photo et forfait;site injoignable (404);;;;;;;
de-rahmensteinhang;Rahmensteinhang;Allemagne;Baden-Württemberg;Nattheim;1;0.6;550;605;48.70673;10.23133;;;photo et forfait;aucun site web connu (OpenSkiMap n'en publie pas);;;;;;;
de-salmendingen;Salmendingen;Allemagne;Baden-Württemberg;Burladingen;3;0;800;886;48.35339;9.10070;;;photo et forfait;aucun site web connu (OpenSkiMap n'en publie pas);;;;;;;
de-sandskigebiet-monte-kaolino;Sandskigebiet Monte Kaolino;Allemagne;Bavaria;Hirschau;2;0;436;532;49.53262;11.96582;https://www.montekaolino-hirschau.de/;;forfait;site refusé (robots.txt ou 429);;;;;;;
de-ski-elstra;Ski Elstra;Allemagne;Saxony;Elstra;1;1.1;282;399;51.21771;14.11648;https://sport-elstra.de/ski/;;forfait;site visité, rien d'exploitable dans ses métadonnées ni ses tableaux;;;;;;;
de-skiabfahrt-nordhalben;Skiabfahrt Nordhalben;Allemagne;Bavaria;Nordhalben;1;0.3;562;624;50.37581;11.50287;;;photo et forfait;aucun site web connu (OpenSkiMap n'en publie pas);;;;;;;
de-skiarena-hahnenbecke;Skiarena Hahnenbecke;Allemagne;North Rhine-Westphalia;Meinerzhagen;1;0;404;438;51.11392;7.62438;;;photo et forfait;aucun site web connu (OpenSkiMap n'en publie pas);;;;;;;
de-skigebiet-am-englander;Skigebiet am Engländer;Allemagne;Bavaria;Heigenbrücken;4;1.4;422;481;50.05051;9.31657;https://www.englaender-skilifte.de;;photo et forfait;site visité, rien d'exploitable dans ses métadonnées ni ses tableaux;;;;;;;
de-skigebiet-eckbauer;Skigebiet Eckbauer;Allemagne;Bavaria;Garmisch-Partenkirchen;3;4;730;1226;47.47437;11.12656;https://www.eckbauerbahn.de/;https://www.eckbauerbahn.de/preise/;forfait;site visité, rien d'exploitable dans ses métadonnées ni ses tableaux;;;;;;;
de-skigebiet-hauerborn;Skigebiet Hauerborn;Allemagne;Bavaria;Partenstein;1;0.5;336;416;50.04949;9.54369;;;photo et forfait;aucun site web connu (OpenSkiMap n'en publie pas);;;;;;;
de-skigebiet-ifen;Skigebiet Ifen;Allemagne;Bavaria;Oberstdorf;4;20.7;1257;2019;47.35148;10.12577;;;forfait;aucun site web connu (OpenSkiMap n'en publie pas);;;;;;;
de-skigebiet-lausche;Skigebiet Lausche;Allemagne;Saxony;Großschönau;5;3;512;762;50.85101;14.65091;https://www.asvl-waltersdorf.de/;https://asvl-waltersdorf.de/skigebiet/preise/;forfait;site visité, rien d'exploitable dans ses métadonnées ni ses tableaux;;;;;;;
de-skigebiet-muhlwiese-ski-area-muhlwiese;Skigebiet Mühlwiese, Ski Area Mühlwiese;Allemagne;Lower Saxony;Osterode am Harz;1;0;395;471;51.75758;10.31467;;;photo et forfait;aucun site web connu (OpenSkiMap n'en publie pas);;;;;;;
de-skigebiet-rodelgebiet-laubendorf;Skigebiet / Rodelgebiet Laubendorf;Allemagne;Bavaria;Langenzenn;1;1.1;334;363;49.49694;10.74645;https://www.sf-laubendorf.de/skiabteilung/;;photo et forfait;site visité, rien d'exploitable dans ses métadonnées ni ses tableaux;;;;;;;
de-skigebiet-sauerberg-frammersbach;Skigebiet Sauerberg Frammersbach;Allemagne;Hesse;Flörsbachtal;1;1.3;281;380;50.07961;9.43372;https://www.tus-frammersbach.de/index.php?id=218;;photo et forfait;site refusé (robots.txt ou 429);;;;;;;
de-skigebiet-schwarzer-mann;Skigebiet Schwarzer Mann;Allemagne;Rhineland-Palatinate;Gondenbrett;2;1.4;607;692;50.26300;6.37832;;;photo et forfait;aucun site web connu (OpenSkiMap n'en publie pas);;;;;;;
de-skigebiet-wei-er-stein;Skigebiet Weißer Stein;Allemagne;North Rhine-Westphalia;Hellenthal;2;0;616;677;50.40563;6.37994;;;forfait;aucun site web connu (OpenSkiMap n'en publie pas);;;;;;;
de-skigebiet-winterloch-heigenbrucken;Skigebiet Winterloch Heigenbrücken;Allemagne;Bavaria;Forst Hain i. Spessart;2;0.7;318;454;50.00892;9.37142;https://skiclub-heigenbruecken.de/ski/;;forfait;site visité, rien d'exploitable dans ses métadonnées ni ses tableaux;;;;;;;
de-skigebiet-wolfsschlucht;Skigebiet Wolfsschlucht;Allemagne;Rhineland-Palatinate;Prüm;1;0.4;478;555;50.22837;6.43753;;;photo et forfait;aucun site web connu (OpenSkiMap n'en publie pas);;;;;;;
de-skihang-dautphetal-holzhausen;Skihang Dautphetal-Holzhausen;Allemagne;Hesse;Dautphetal;1;0;444;512;50.81855;8.50262;;;photo et forfait;aucun site web connu (OpenSkiMap n'en publie pas);;;;;;;
de-skihang-gro-buchelberg;Skihang Großbüchelberg;Allemagne;Bavaria;Mitterteich;2;0;548;602;49.97374;12.22753;;;photo et forfait;aucun site web connu (OpenSkiMap n'en publie pas);;;;;;;
de-skihang-tuppel;Skihang Tüppel;Allemagne;North Rhine-Westphalia;Warstein;1;0.2;414;456;51.42486;8.36551;http://www.skiclub-warstein.de/;;forfait;site visité, rien d'exploitable dans ses métadonnées ni ses tableaux;;;;;;;
de-skilift-au;Skilift Au;Allemagne;Bavaria;Bad Feilnbach;1;0.3;503;536;47.79133;11.97673;https://www.skilift-au.de/;;photo et forfait;site injoignable (403);;;;;;;
de-skilift-beuerberg;Skilift Beuerberg;Allemagne;Bavaria;Eurasburg;1;0.6;620;659;47.83275;11.39708;https://www.skilift-beuerberg.de/;;forfait;site visité, rien d'exploitable dans ses métadonnées ni ses tableaux;;;;;;;
de-skilift-erzgebirge-skiclub-olbernhau;Skilift Erzgebirge Skiclub Olbernhau;Allemagne;Saxony;Olbernhau;1;0.4;511;598;50.65149;13.33609;https://www.skiclub-olbernhau.de/;;forfait;site visité, rien d'exploitable dans ses métadonnées ni ses tableaux;;;;;;;
de-skilift-lahm;Skilift Lahm;Allemagne;Bavaria;Lichtenfels;1;0.2;480;526;50.08210;11.13722;;;photo et forfait;aucun site web connu (OpenSkiMap n'en publie pas);;;;;;;
de-skilift-lo-nitz;Skilift Lößnitz;Allemagne;Saxony;Lößnitz;1;0;455;549;50.61254;12.74272;https://www.stadt-loessnitz.de/loessnitz/content/8/20151016100830.asp;;forfait;site refusé (robots.txt ou 429);;;;;;;
de-skilift-romansthal;Skilift Romansthal;Allemagne;Bavaria;Bad Staffelstein;1;0.2;420;444;50.09702;11.03422;;;photo et forfait;aucun site web connu (OpenSkiMap n'en publie pas);;;;;;;
de-skilift-treisberg;Skilift Treisberg;Allemagne;Hesse;Schmitten;2;0.2;511;552;50.29206;8.44240;;;forfait;aucun site web connu (OpenSkiMap n'en publie pas);;;;;;;
de-skilift-waldsportpark-ebersberg;Skilift Waldsportpark Ebersberg;Allemagne;Bavaria;Ebersberg;1;0;569;595;48.09455;11.95733;https://waldsportpark-ebersberg.de/;;forfait;site visité, rien d'exploitable dans ses métadonnées ni ses tableaux;;;;;;;
de-skilifte-sinswang;Skilifte Sinswang;Allemagne;Bavaria;Oberstaufen;4;1.2;808;880;47.56390;10.00845;https://www.skilifte-sinswang.de/;https://www.skilifte-sinswang.de/preise/;forfait;site visité, rien d'exploitable dans ses métadonnées ni ses tableaux;;;;;;;
de-skipiste-am-kohlberg;"Skipiste ""Am Kohlberg""";Allemagne;North Rhine-Westphalia;Neuenrade;1;0.4;436;510;51.29433;7.77070;https://www.tus-neuenrade-ski.de/;https://www.tus-neuenrade-ski.de/preise-und-anfahrt/;forfait;site visité, rien d'exploitable dans ses métadonnées ni ses tableaux;;;;;;;
de-skizentrum-tannicht-sohland;Skizentrum Tännicht Sohland;Allemagne;Saxony;Sohland a.d. Spree;1;0.3;381;440;51.03956;14.39184;;;forfait;aucun site web connu (OpenSkiMap n'en publie pas);;;;;;;
de-sonnenbuhl;Sonnenbühl;Allemagne;Baden-Württemberg;Burladingen;7;1.7;752;835;48.38093;9.18379;;;forfait;aucun site web connu (OpenSkiMap n'en publie pas);;;;;;;
de-stollenbach;Stollenbach;Allemagne;Baden-Württemberg;Oberried;4;3.2;1068;1271;47.90035;7.98404;https://www.skilifte-stollenbach.de/;https://www.skilifte-stollenbach.de/p/preise;forfait;site visité, rien d'exploitable dans ses métadonnées ni ses tableaux;;;;;;;
de-sulzberg;Sulzberg;Allemagne;Bavaria;Sulzberg;1;0.8;754;854;47.65436;10.35611;;;photo;aucun site web connu (OpenSkiMap n'en publie pas);;;;;;;
de-tegelbergbahn;Tegelbergbahn;Allemagne;Bavaria;Schwangau;7;5;815;1716;47.56574;10.76959;https://www.tegelbergbahn.de;https://www.tegelbergbahn.de/de/sommer/info-preise;forfait;site visité, rien d'exploitable dans ses métadonnées ni ses tableaux;;;;;;;
de-tieringen;Tieringen;Allemagne;Baden-Württemberg;Meßstetten;1;0.3;806;859;48.20828;8.87680;;;photo;aucun site web connu (OpenSkiMap n'en publie pas);;;;;;;
de-todtnauberg-478572m79509;Todtnauberg;Allemagne;Baden-Württemberg;Oberried;6;16.7;981;1374;47.85716;7.95086;;;forfait;aucun site web connu (OpenSkiMap n'en publie pas);;;;;;;
de-truchtelfingen;Truchtelfingen;Allemagne;Baden-Württemberg;Albstadt;1;0.2;780;834;48.23682;9.01639;;;photo;aucun site web connu (OpenSkiMap n'en publie pas);;;;;;;
de-unternberg-ruhpolding;Unternberg (Ruhpolding);Allemagne;Bavaria;Ruhpolding;3;2;718;937;47.73670;12.63318;https://meinebergwelt.de/;https://meinebergwelt.de/preise-oeffnungszeiten-fly-line/;forfait;site visité, rien d'exploitable dans ses métadonnées ni ses tableaux;;;;;;;
de-waldstetten;Waldstetten;Allemagne;Baden-Württemberg;Waldstetten;1;0.2;562;596;48.72769;9.82912;;;photo;aucun site web connu (OpenSkiMap n'en publie pas);;;;;;;
de-wallbergbahn-tegernsee;Wallbergbahn (Tegernsee);Allemagne;Bavaria;Rottach-Egern;1;0;791;1616;47.66821;11.78527;https://www.wallbergbahn.de/;https://www.wallbergbahn.de/de/tickets-angebote.html;forfait;site visité, rien d'exploitable dans ses métadonnées ni ses tableaux;;;;;;;
de-willingen-512950m86081;Willingen;Allemagne;Hesse;Willingen;0;0;;;51.29500;8.60806;https://www.winterpark-willingen.info/ski-alpin/;;photo et forfait;site injoignable (404);;;;;;;
dk-bornholms-ski-venner;Bornholms Ski Venner;Danemark;Capital;;2;0.4;74;112;55.18563;14.95168;https://bornholmsskivenner.dk/;https://bornholmsskivenner.dk/priser/;photo et forfait;site visité, rien d'exploitable dans ses métadonnées ni ses tableaux;;;;;;;
dk-copenhill;CopenHill;Danemark;Capital;Copenhagen;5;0.3;3;6;55.68341;12.62159;https://www.copenhill.dk/;https://www.copenhill.dk/priser;photo et forfait;site visité, rien d'exploitable dans ses métadonnées ni ses tableaux;;;;;;;
ee-nomme-lumepark;Nõmme Lumepark;Estonie;Harju;Tallinn;1;0.2;31;60;59.38889;24.67095;https://www.nommelumepark.ee/;;forfait;site visité, rien d'exploitable dans ses métadonnées ni ses tableaux;;;;;;;
ee-vimka-viimsi-maepark-skigebiet-vimka-vimka-ski-resort;Vimka – Viimsi Mäepark, Skigebiet Vimka, Vimka Ski Resort;Estonie;Harju;;3;0;17;51;59.51770;24.84162;;;photo et forfait;aucun site web connu (OpenSkiMap n'en publie pas);;;;;;;
es-estacion-invernal-y-de-montana-san-isidro-sector-riopinos;Estación Invernal y de Montaña San Isidro (Sector Riopinos);Espagne;Leon;;3;4.9;1660;1944;43.04363;-5.40414;;;photo et forfait;aucun site web connu (OpenSkiMap n'en publie pas);;;;;;;
es-punto-de-nieves-santa-ines;Punto de Nieves Santa Ines;Espagne;Soria;;2;1;1753;1834;42.03802;-2.78249;;;forfait;aucun site web connu (OpenSkiMap n'en publie pas);;;;;;;
es-rasos-de-peguera;Rasos de Peguera;Espagne;Barcelona;;5;5.8;1826;2036;42.14148;1.76616;https://www.rasos.net/;;photo et forfait;site refusé (robots.txt ou 429);;;;;;;
es-valdelinares-404000mm06000;Valdelinares;Espagne;Teruel;;0;0;;;40.40000;-0.60000;http://www.valdelinares.com;https://www.javalambre-valdelinares.com/tarifas-javalambre-valdelinares.html;forfait;site visité, rien d'exploitable dans ses métadonnées ni ses tableaux;;;;;;;
fi-aavasaksa;Aavasaksa;Finlande;Lapland;;2;0;85;198;66.39018;23.73892;https://aavasaksa.fi/winter/downhill-skiing/aavasaksan-laskettelurinteet/?lang=en;;photo;site injoignable (404);;;;;;;
fi-alhovuori;Alhovuori;Finlande;Uusimaa;;2;0;73;146;60.49702;24.14907;;;photo et forfait;aucun site web connu (OpenSkiMap n'en publie pas);;;;;;;
fi-ellivuori;Ellivuori;Finlande;Pirkanmaa;;5;2.2;60;146;61.40340;23.05924;https://ellivuori.fi/;;photo;site refusé (robots.txt ou 429);;;;;;;
fi-haukkavuoren-laskettelurinne;Haukkavuoren laskettelurinne;Finlande;Kymenlaakso;;0;0;44;77;60.71849;26.41000;;;photo et forfait;aucun site web connu (OpenSkiMap n'en publie pas);;;;;;;
fi-haukkavuoren-ulkoilu-ja-luontomatkailukeskus;Haukkavuoren ulkoilu- ja luontomatkailukeskus;Finlande;Kymenlaakso;;1;0;45;76;60.71599;26.41747;;;photo et forfait;aucun site web connu (OpenSkiMap n'en publie pas);;;;;;;
fi-hetta-hiihtomaa;Hetta Hiihtomaa;Finlande;Lapland;;2;1.3;307;405;68.39847;23.66193;http://www.hettahiihtomaa.fi;;photo et forfait;site injoignable (pas de réponse);;;;;;;
fi-hiihtokeskus-luosto-ski;Hiihtokeskus Luosto-Ski;Finlande;Lapland;;1;1.6;296;485;67.14896;26.89638;https://luosto.fi/;;photo et forfait;site refusé (robots.txt ou 429);;;;;;;
fi-kallin;Kallin;Finlande;Lapland;;1;1.1;16;65;65.81957;24.52452;https://kallinhiihtokeskus.fi/;;forfait;site visité, rien d'exploitable dans ses métadonnées ni ses tableaux;;;;;;;
fi-kiririnteet-kiri-slopes;Kiririnteet, Kiri slopes;Finlande;Lapland;;2;1.4;279;384;66.10445;28.29239;https://www.kirikeskus.fi/kiri-rinteet/;;forfait;site visité, rien d'exploitable dans ses métadonnées ni ses tableaux;;;;;;;
fi-kommatti;Kommatti;Finlande;Lapland;;1;0;236;314;67.43184;26.73301;https://www.kommatti.fi/;;forfait;site visité, rien d'exploitable dans ses métadonnées ni ses tableaux;;;;;;;
fi-konkaski;KonkaSki;Finlande;South Karelia;;1;0;72;111;61.43798;29.32745;https://konkaski.fi/;;forfait;site visité, rien d'exploitable dans ses métadonnées ni ses tableaux;;;;;;;
fi-lakis;Lakis;Finlande;Southern Ostrobothnia;;2;0;92;168;63.10656;23.81340;;;photo;aucun site web connu (OpenSkiMap n'en publie pas);;;;;;;
fi-levin-hiihtokeskus-levi-ski-resort;Levin hiihtokeskus, Levi Ski Resort;Finlande;Lapland;Sirkka;27;51.2;197;530;67.78544;24.85643;https://www.levi.fi/;;photo et forfait;site visité, rien d'exploitable dans ses métadonnées ni ses tableaux;;;;;;;
fi-louekeskus;Louekeskus;Finlande;Northern Ostrobothnia;;2;0.5;76;118;63.91267;24.32798;https://www.louekeskus.fi/;;photo;site refusé (robots.txt ou 429);;;;;;;
fi-luoteis-himos;Luoteis-Himos;Finlande;Central Finland;;7;7.7;84;222;61.88378;25.31210;https://himos.fi/;;forfait;site visité, rien d'exploitable dans ses métadonnées ni ses tableaux;;;;;;;
fi-maarianvaaran-hiihtokeskus;Maarianvaaran hiihtokeskus;Finlande;Northern Savonia;;3;0;108;239;62.84937;28.91798;;;photo et forfait;aucun site web connu (OpenSkiMap n'en publie pas);;;;;;;
fi-mielakan-rinnekeskus;Mielakan Rinnekeskus;Finlande;Kymenlaakso;Kouvola;4;2;58;124;60.86394;26.73742;http://www.mielakka.com/;;photo et forfait;site injoignable (502);;;;;;;
fi-ojberget;Öjberget;Finlande;Ostrobothnia;;2;0;14;56;63.03622;21.57705;https://www.vaasa.fi/asu-ja-ela/vapaa-aika/liikunta-ja-ulkoilu/ulkoliikuntapaikat/ojbergetin-talviurheilukeskus/;;forfait;site visité, rien d'exploitable dans ses métadonnées ni ses tableaux;;;;;;;
fi-olos-ski-resort;Olos Ski Resort;Finlande;Lapland;;5;6.9;331;503;67.92779;23.81190;https://www.laplandhotels.com/en/ski-resorts/olos-ski-resort;;photo;site refusé (robots.txt ou 429);;;;;;;
fi-ounasvaara-ski-resort;Ounasvaara Ski Resort;Finlande;Lapland;Rovaniemi;2;1.9;94;203;66.50465;25.79049;https://ounasvaara.fi;;forfait;site visité, rien d'exploitable dans ses métadonnées ni ses tableaux;;;;;;;
fi-ounasvaaran-laskettelukeskus-ounasvaara-ski-resort;Ounasvaaran laskettelukeskus, Ounasvaara Ski Resort;Finlande;Lapland;Rovaniemi;1;1.5;94;194;66.48974;25.83906;https://ounasvaara.fi/;;forfait;site visité, rien d'exploitable dans ses métadonnées ni ses tableaux;;;;;;;
fi-ounasvaaran-laskettelukeskus-totto-ounasvaara-ski-resort-totto;Ounasvaaran laskettelukeskus (Totto), Ounasvaara Ski Resort (Totto);Finlande;Lapland;Rovaniemi;1;1;85;213;66.50446;25.80308;https://ounasvaara.fi;;forfait;site visité, rien d'exploitable dans ses métadonnées ni ses tableaux;;;;;;;
fi-paljakan-matkailu-ja-hiihtokeskus;Paljakan matkailu- ja hiihtokeskus;Finlande;Kainuu;;7;6.6;165;346;64.67491;27.95730;https://www.paljakka.fi/;;forfait;site visité, rien d'exploitable dans ses métadonnées ni ses tableaux;;;;;;;
fi-pallas-ski-resort-hiihtokeskus-pallas;Pallas Ski Resort, Hiihtokeskus Pallas;Finlande;Lapland;;2;11;438;754;68.05547;24.04582;https://www.laplandhotels.com/en/ski-resorts/pallas-ski-resort;;photo;site refusé (robots.txt ou 429);;;;;;;
fi-paloisvuori;Paloisvuori;Finlande;Northern Savonia;Iisalmi;0;0;;;63.56149;27.24388;https://iisalmi.fi/vapaa-aika/liikunta/ulkoliikuntapaikat/paloisvuoren-laskettelurinne/;;photo;site refusé (robots.txt ou 429);;;;;;;
fi-peuramaa;Peuramaa;Finlande;Uusimaa;Kirkkonummi;8;2.5;5;54;60.10066;24.46462;https://www.peuramaa.fi/;;photo;site refusé (robots.txt ou 429);;;;;;;
fi-porvoo-ski;Porvoo Ski;Finlande;Uusimaa;;3;1.3;2;57;60.38310;25.65970;https://www.porvooski.fi/rinteet;;photo et forfait;site refusé (robots.txt ou 429);;;;;;;
fi-puijon-hyppyrimaet;Puijon hyppyrimäet;Finlande;Northern Savonia;Kuopio;1;0;135;229;62.90918;27.65122;;;photo et forfait;aucun site web connu (OpenSkiMap n'en publie pas);;;;;;;
fi-pukkivuori;Pukkivuori;Finlande;Pirkanmaa;Virrat;1;0;103;158;62.23424;23.76330;;;photo et forfait;aucun site web connu (OpenSkiMap n'en publie pas);;;;;;;
fi-pukkivuori-622358m237637;Pukkivuori;Finlande;Pirkanmaa;Virrat;0;0;;;62.23582;23.76366;;;photo et forfait;aucun site web connu (OpenSkiMap n'en publie pas);;;;;;;
fi-purnu;Purnu;Finlande;Paijanne Tavastia;;2;2.2;115;206;61.73263;25.87165;https://www.purnu.com/;;photo;site refusé (robots.txt ou 429);;;;;;;
fi-pyhatunturi-luosto;Pyhätunturi - Luosto;Finlande;Lapland;;13;15.4;194;488;67.09228;27.06047;https://www.luosto.fi/;;photo et forfait;site refusé (robots.txt ou 429);;;;;;;
fi-ritavalkean-laskettelurinne;Ritavalkean laskettelurinne;Finlande;Lapland;;2;3.1;191;305;66.80038;24.11528;https://ritavalkea.com/en/;;photo;site visité, rien d'exploitable dans ses métadonnées ni ses tableaux;;;;;;;
fi-rukatunturi-ruka;Rukatunturi, Ruka;Finlande;Northern Ostrobothnia;Rukatunturi;24;25.3;286;494;66.17377;29.24458;https://www.ruka.fi;;photo;site refusé (robots.txt ou 429);;;;;;;
fi-ruosniemi;Ruosniemi;Finlande;Satakunta;Pori;2;0;10;35;61.50701;21.87328;;;photo et forfait;aucun site web connu (OpenSkiMap n'en publie pas);;;;;;;
fi-ruunarinteet;Ruunarinteet;Finlande;Southern Savonia;;2;2.9;88;162;61.83957;28.84322;https://www.ruunarinteet.fi/;;forfait;site visité, rien d'exploitable dans ses métadonnées ni ses tableaux;;;;;;;
fi-sahis;Sahis;Finlande;Central Finland;;2;0.9;103;171;63.09019;25.83639;;;photo;aucun site web connu (OpenSkiMap n'en publie pas);;;;;;;
fi-salla-ski-resort;Salla Ski Resort;Finlande;Lapland;;7;7.3;251;462;66.76475;28.78348;;;photo;aucun site web connu (OpenSkiMap n'en publie pas);;;;;;;
fi-salomonkallio;Salomonkallio;Finlande;Satakunta;;1;0;17;42;61.40949;22.06033;https://www.salomonkallio.fi/home.php?pid=etusivu.php;;photo;site visité, rien d'exploitable dans ses métadonnées ni ses tableaux;;;;;;;
fi-saukkovaaran-laskettelukeskus;Saukkovaaran laskettelukeskus;Finlande;Kainuu;;2;0;166;272;64.49480;28.24416;https://www.saukkovaara.com/;;photo et forfait;site visité, rien d'exploitable dans ses métadonnées ni ses tableaux;;;;;;;
fi-solvalla-swinghill;Solvalla Swinghill;Finlande;Uusimaa;Espoo;2;0.7;39;106;60.29892;24.55409;https://swinghill.fi/;;photo et forfait;site refusé (robots.txt ou 429);;;;;;;
fi-sotkanrinteet;Sotkanrinteet;Finlande;Southern Ostrobothnia;;1;0;99;156;62.41359;22.22575;https://www.sotkanrinteet.fi/;;photo;site visité, rien d'exploitable dans ses métadonnées ni ses tableaux;;;;;;;
fi-suomutunturi;Suomutunturi;Finlande;Lapland;;4;9.6;170;400;66.55301;28.02187;https://www.suomutunturi.fi/;;forfait;site visité, rien d'exploitable dans ses métadonnées ni ses tableaux;;;;;;;
fi-tahko;Tahko;Finlande;Northern Savonia;Kuopio;15;18.1;97;293;63.26821;28.02211;https://www.tahko.com/en/;;photo;site refusé (robots.txt ou 429);;;;;;;
fi-taivalvaaran-hiihtokeskus;Taivalvaaran Hiihtokeskus;Finlande;Northern Ostrobothnia;Taivalkoski;2;0;200;280;65.56463;28.20111;https://www.taivalvaaraskiresort.fi/;;photo;site refusé (robots.txt ou 429);;;;;;;
fi-tornimaen-laskettelukeskus;Tornimäen laskettelukeskus;Finlande;Southern Savonia;;4;1.2;78;130;61.66630;27.34138;https://tornimaki.fi/;;photo;site visité, rien d'exploitable dans ses métadonnées ni ses tableaux;;;;;;;
fi-ukko-kolin-hiihtokeskus;Ukko-Kolin hiihtokeskus;Finlande;North Karelen;;4;3.6;100;311;63.09867;29.81121;https://www.koli.fi/fi/Rinteet;;photo et forfait;site injoignable (404);;;;;;;
fi-uuperinrinteet;Uuperinrinteet;Finlande;Kymenlaakso;;3;1.5;12;78;60.62655;27.06362;https://www.uuperinrinteet.fi/;;photo;site visité, rien d'exploitable dans ses métadonnées ni ses tableaux;;;;;;;
fi-varkaus;Varkaus;Finlande;Northern Savonia;;1;0;78;124;62.33352;27.84739;https://www.vattuvuori.com/;;photo et forfait;site visité, rien d'exploitable dans ses métadonnées ni ses tableaux;;;;;;;
fi-vimpelinvaaran-laskettelurinne;Vimpelinvaaran laskettelurinne;Finlande;Kainuu;;1;0;141;193;64.20887;27.69903;;;photo et forfait;aucun site web connu (OpenSkiMap n'en publie pas);;;;;;;
fi-yllas;Ylläs;Finlande;Lapland;;21;17.7;273;717;67.56463;24.22226;https://yllas.fi/;;forfait;site visité, rien d'exploitable dans ses métadonnées ni ses tableaux;;;;;;;
fi-yllas-675693m242241;Ylläs;Finlande;Lapland;;0;0;;;67.56925;24.22411;https://yllas.fi/;;forfait;site visité, rien d'exploitable dans ses métadonnées ni ses tableaux;;;;;;;
fi-yllas-ski-resort-akaslompolo;Ylläs Ski Resort, Äkäslompolo;Finlande;Lapland;;1;11.2;396;399;67.57426;24.20703;https://ski.yllas.fi/;;forfait;site visité, rien d'exploitable dans ses métadonnées ni ses tableaux;;;;;;;
fr-aillon-margeriaz;Aillon-Margériaz;France;Savoie;Aillon-le-Jeune;10;21.6;1386;1830;45.63722;6.04690;;;forfait;aucun site web connu (OpenSkiMap n'en publie pas);;;;;;;
fr-association-teleski-du-saleve-a-t-s;Association Téléski du Salève (A.T.S.);France;Haute-Savoie;Archamps;1;0.7;1168;1280;46.11791;6.16754;;;photo et forfait;aucun site web connu (OpenSkiMap n'en publie pas);;;;;;;
fr-auron;Auron;France;Alpes-Maritimes;Saint-Étienne-de-Tinée;20;61.6;1597;2445;44.22985;6.91175;;;photo et forfait;aucun site web connu (OpenSkiMap n'en publie pas);;;;;;;
fr-autrans;Autrans;France;Isère;Autrans;0;0;985;1633;45.19267;5.56576;https://autrans-meaudre.com/;;forfait;site visité, rien d'exploitable dans ses métadonnées ni ses tableaux;;;;;;;
fr-autrans-grand-domaine-la-sure;Autrans - Grand domaine la Sure;France;Isère;Autrans;7;12.3;1262;1605;45.22779;5.58717;https://autrans-meaudre.com/;;forfait;site visité, rien d'exploitable dans ses métadonnées ni ses tableaux;;;;;;;
fr-balme-vallorcine;Balme - Vallorcine;France;Haute-Savoie;Chamonix;9;30.3;1260;2252;46.02383;6.94493;https://en.chamonix.com/activities/winter/skiing-in-chamonix-mont-blanc-valley/list-of-ski-areas/ski-area-balme-vallorcine;;photo et forfait;site refusé (robots.txt ou 429);;;;;;;
fr-cauterets-pont-d-espagne;Cauterets Pont d'Espagne;France;Hautes-Pyrénées;Cauterets;4;2.8;1507;1746;42.84212;-0.15547;;;forfait;aucun site web connu (OpenSkiMap n'en publie pas);;;;;;;
fr-ceuse-ceuse;Céüse, Ceuse;France;Hautes-Alpes;Chateauneuf-D'Oze;0;0.1;1999;2008;44.50851;5.96082;;;photo et forfait;aucun site web connu (OpenSkiMap n'en publie pas);;;;;;;
fr-chamrousse;Chamrousse;France;Isère;Chamrousse;20;51.4;1411;2246;45.11273;5.89014;https://www.chamrousse.com/;;photo et forfait;site refusé (robots.txt ou 429);;;;;;;
fr-chaux-neuve;Chaux-Neuve;France;Doubs;Chaux-Neuve;2;0;1010;1132;46.67108;6.13568;;;photo;aucun site web connu (OpenSkiMap n'en publie pas);;;;;;;
fr-col-de-l-arzelier;Col de l'Arzelier;France;Isère;Le Gua;0;2.5;1157;1483;44.99216;5.58905;https://col-de-larzelier.fr/;;photo;site visité, rien d'exploitable dans ses métadonnées ni ses tableaux;;;;;;;
fr-col-de-plainpalais;Col de Plainpalais;France;Savoie;Les Déserts;1;3.1;1171;1449;45.64180;6.02589;;;photo;aucun site web connu (OpenSkiMap n'en publie pas);;;;;;;
fr-col-du-fanget;Col du Fanget;France;Alpes-de-Haute-Provence;Auzet;0;0;1344;1691;44.32175;6.34654;https://www.seynelesalpes.fr/;;forfait;site visité, rien d'exploitable dans ses métadonnées ni ses tableaux;;;;;;;
fr-domaine-du-barioz;Domaine du Barioz;France;Isère;La Ferrière;0;0;1302;1843;45.32004;6.05264;;;photo et forfait;aucun site web connu (OpenSkiMap n'en publie pas);;;;;;;
fr-domaine-nordique-col-d-ornon;Domaine Nordique Col d'Ornon;France;Isère;Chantelouve;0;0;1330;1439;45.00853;5.97215;https://www.col-dornon.com/fr/index.php;;photo et forfait;site refusé (robots.txt ou 429);;;;;;;
fr-espace-lumiere;Espace Lumière;France;Alpes-de-Haute-Provence;Allos;38;124.3;1495;2592;44.32550;6.57447;https://www.praloup.com/;;photo et forfait;site refusé (robots.txt ou 429);;;;;;;
fr-foncine-le-haut;Foncine le Haut;France;Jura;Foncine-le-Haut;3;1.6;902;1030;46.65718;6.08854;https://www.jura-foncine.com/hiver/ski-alpin/;;forfait;site refusé (robots.txt ou 429);;;;;;;
fr-goule;Goule;France;Doubs;Cernay-L'Eglise;2;0;884;968;47.26352;6.81747;;;photo et forfait;aucun site web connu (OpenSkiMap n'en publie pas);;;;;;;
fr-grand-ballon;Grand Ballon;France;Haut-Rhin;Goldbach-Altenbach;5;6.2;1065;1307;47.89911;7.11083;https://www.grand-ballon.net/de/;https://www.grand-ballon.net/fr/bouger-lhiver/station-du-markstein/luge-sur-rails;forfait;site visité, rien d'exploitable dans ses métadonnées ni ses tableaux;;;;;;;
fr-janvry-janvoriaz;Janvry - Janvoriaz;France;Essonne;Janvry;0;0;;;48.64765;2.15435;https://janvry.fr/animations/janvoriaz/;;forfait;site visité, rien d'exploitable dans ses métadonnées ni ses tableaux;;;;;;;
fr-la-cernay-blanche;La Cernay Blanche;France;Doubs;La Chaux;1;1;883;977;47.01637;6.43267;http://www.cernay.lachaux25.com;;forfait;site visité, rien d'exploitable dans ses métadonnées ni ses tableaux;;;;;;;
fr-la-feclaz;La Féclaz;France;Savoie;Les Déserts;6;12.1;1296;1529;45.64130;5.98903;https://www.savoiegrandrevard.com/;;photo et forfait;site refusé (robots.txt ou 429);;;;;;;
fr-la-grave;La Grave;France;Hautes-Alpes;La Grave;3;3.6;3196;3543;45.02078;6.27631;https://www.la-grave.com;https://la-grave.com/hiver-tarifs-horaires/;forfait;site visité, rien d'exploitable dans ses métadonnées ni ses tableaux;;;;;;;
fr-la-pesse-les-bouchoux;La Pesse / Les Bouchoux;France;Jura;Bellecombe;0;0;1148;1350;46.28412;5.86198;;;forfait;aucun site web connu (OpenSkiMap n'en publie pas);;;;;;;
fr-la-poya-chamonix;La Poya (Chamonix);France;Haute-Savoie;Vallorcine;4;2;1347;1501;46.01682;6.91651;https://en.chamonix.com/activities/winter/skiing-in-chamonix-mont-blanc-valley/list-of-ski-areas/la-poya-ski-resort;;photo et forfait;site refusé (robots.txt ou 429);;;;;;;
fr-la-serra;La Serra;France;Jura;Lajoux;4;5.1;1176;1462;46.40951;6.00362;;;photo et forfait;aucun site web connu (OpenSkiMap n'en publie pas);;;;;;;
fr-lajoux;Lajoux;France;Jura;Lajoux;1;0.5;1174;1233;46.37714;5.97936;;;forfait;aucun site web connu (OpenSkiMap n'en publie pas);;;;;;;
fr-larche;Larche;France;Alpes-de-Haute-Provence;;2;1.4;1685;1854;44.45200;6.85222;;;photo;aucun site web connu (OpenSkiMap n'en publie pas);;;;;;;
fr-le-col-des-bagenelles;Le Col des Bagenelles;France;Vosges;La Croix-aux-Mines;1;3.3;874;1074;48.19666;7.10954;;;forfait;aucun site web connu (OpenSkiMap n'en publie pas);;;;;;;
fr-le-frenz;Le Frenz;France;Haut-Rhin;Kruth;1;0.5;762;790;47.92444;6.95024;;;forfait;aucun site web connu (OpenSkiMap n'en publie pas);;;;;;;
fr-le-grand-domaine;Le Grand Domaine;France;Savoie;La Léchère;53;124.8;1219;2516;45.45115;6.40219;https://www.legranddomaine.fr/;;photo et forfait;site injoignable (pas de réponse);;;;;;;
fr-le-haut-du-tot;Le Haut-du-Tôt;France;Vosges;Sapois;0;0;;;48.04406;6.78223;;;forfait;aucun site web connu (OpenSkiMap n'en publie pas);;;;;;;
fr-le-reposoir-chalet-neuf;Le Reposoir Chalet Neuf;France;Haute-Savoie;Le Reposoir;1;3.6;1323;1620;46.00642;6.50431;;;photo;aucun site web connu (OpenSkiMap n'en publie pas);;;;;;;
fr-les-angles-els-angles;Les Angles, Els Angles;France;Pyrénées-Orientales;Les Angles;21;35;1635;2358;42.57057;2.05174;;;photo et forfait;aucun site web connu (OpenSkiMap n'en publie pas);;;;;;;
fr-les-bossons;Les Bossons;France;Haute-Savoie;Chamonix;1;0;1040;1419;45.89730;6.84460;;;photo et forfait;aucun site web connu (OpenSkiMap n'en publie pas);;;;;;;
fr-les-chosalets-chamonix;Les Chosalets (Chamonix);France;Haute-Savoie;Chamonix;2;0.4;1226;1253;45.97369;6.92411;https://en.chamonix.com/activities/winter/skiing-in-chamonix-mont-blanc-valley/list-of-ski-areas/domaine-debutant-du-tourchet;;photo;site refusé (robots.txt ou 429);;;;;;;
fr-les-entremonts;Les Entremonts;France;Savoie;Entremont-le-Vieux;0;0;;;45.46149;5.88131;;;photo et forfait;aucun site web connu (OpenSkiMap n'en publie pas);;;;;;;
fr-les-estables;Les Estables;France;Haute-Loire;Chaudeyrolles;7;5.9;1354;1681;44.92089;4.17392;;;photo;aucun site web connu (OpenSkiMap n'en publie pas);;;;;;;
fr-les-gentianes;Les Gentianes;France;Jura;Morbier;2;0;932;987;46.56210;6.02663;https://www.station-lesgentianes.com;;photo;site injoignable (403);;;;;;;
fr-les-hautes-combes;Les Hautes Combes;France;Jura;Les Molunes;0;0;1250;1251;46.36445;5.95114;;;photo et forfait;aucun site web connu (OpenSkiMap n'en publie pas);;;;;;;
fr-les-moussieres;Les Moussières;France;Jura;Bellecombe;2;1.7;1158;1317;46.31464;5.89837;;;photo et forfait;aucun site web connu (OpenSkiMap n'en publie pas);;;;;;;
fr-les-moussieres-bellecombe-molunes;Les Moussières / Bellecombe / Molunes;France;Jura;Bellecombe;0;0;1112;1313;46.33282;5.91632;;;photo et forfait;aucun site web connu (OpenSkiMap n'en publie pas);;;;;;;
fr-les-signaraux;Les Signaraux;France;Isère;La Motte-D'Aveillans;1;2.5;1280;1420;44.93203;5.73892;https://lessignaraux.fr/;;photo;site injoignable (pas de réponse);;;;;;;
fr-les-trois-vallees;Les Trois Vallées;France;Savoie;Brides-les-Bains;170;521.6;1110;3221;45.32908;6.57593;https://www.les3vallees.com/;;forfait;site refusé (robots.txt ou 429);;;;;;;
fr-longchaumois-rosset;Longchaumois Rosset;France;Jura;Longchaumois;1;0.3;1018;1060;46.45672;5.96844;https://www.haut-jura.com/fr/bouger-en-hiver/le-ski-alpin.html;;forfait;site injoignable (pas de réponse);;;;;;;
fr-markstein-grand-ballon;Markstein-Grand Ballon;France;Haut-Rhin;Fellering;0;0;1108;1341;47.91705;7.06860;https://www.lemarkstein.net/;https://www.lemarkstein.net/fr/tarifs-ete/;forfait;site visité, rien d'exploitable dans ses métadonnées ni ses tableaux;;;;;;;
fr-meaudre;Méaudre;France;Isère;Autrans;7;8.1;1003;1573;45.12332;5.50729;https://autrans-meaudre.com;;forfait;site visité, rien d'exploitable dans ses métadonnées ni ses tableaux;;;;;;;
fr-menthieres;Menthières;France;Ain;Chézery-Forens;5;0.3;1076;1103;46.16988;5.85505;;;photo et forfait;aucun site web connu (OpenSkiMap n'en publie pas);;;;;;;
fr-montagne-de-lure;Montagne de Lure;France;Alpes-de-Haute-Provence;Saint-Étienne-les-Orgues;1;0.4;1591;1645;44.11520;5.78102;https://www.tourisme-alpes-haute-provence.com/station-de-ski-montagne-de-lure/;;forfait;site visité, rien d'exploitable dans ses métadonnées ni ses tableaux;;;;;;;
fr-montagnes-de-lans;Montagnes de Lans;France;Isère;Claix;12;22.6;1374;1789;45.10989;5.61636;https://www.lansenvercors.com;;forfait;site visité, rien d'exploitable dans ses métadonnées ni ses tableaux;;;;;;;
fr-monts-jura;Monts Jura;France;Ain;Crozet;10;20.4;866;1659;46.29438;5.97370;https://www.monts-jura.com/;;forfait;site visité, rien d'exploitable dans ses métadonnées ni ses tableaux;;;;;;;
fr-noeux-les-mines-loisinord;Noeux-les-Mines - Loisinord;France;Pas-de-Calais;Noeux-Les-Mines;2;0.6;54;114;50.47081;2.67969;https://www.bethunebruay.fr/fr/loisinord;;photo;site injoignable (pas de réponse);;;;;;;
fr-notre-dame-du-pre;Notre Dame du Pré;France;Savoie;Notre-Dame-Du-Pre;0;0;;;45.51055;6.59493;https://www.notredamedupre.fr/fr/information/79253/le-ski-piste-dame-pre;;forfait;site visité, rien d'exploitable dans ses métadonnées ni ses tableaux;;;;;;;
fr-orcieres-merlette;Orcières Merlette;France;Hautes-Alpes;Champoléon;26;49.5;1826;2731;44.71545;6.32722;https://orcieres.com/;;photo et forfait;site refusé (robots.txt ou 429);;;;;;;
fr-saint-lary-soulan;Saint Lary-Soulan;France;Hautes-Pyrénées;Saint-Lary-Soulan;0;0;;;42.81694;0.32361;https://www.saintlary.com/hiver;;forfait;site refusé (robots.txt ou 429);;;;;;;
fr-saint-nizier-du-moucherotte;Saint-Nizier-du-Moucherotte;France;Isère;Saint-Nizier-du-Moucherotte;1;0.5;1165;1206;45.16744;5.63128;https://www.lansenvercors.com/teleski-de-st-nizier-du-moucherotte.html;;forfait;site visité, rien d'exploitable dans ses métadonnées ni ses tableaux;;;;;;;
fr-site-du-meix-musy;Site du Meix Musy;France;Doubs;Montlebon;3;2.5;969;1269;47.03970;6.66837;https://www.facebook.com/MeixmusyValdeMorteau/;;forfait;site injoignable (400);;;;;;;
fr-snowkite-markstein;Snowkite Markstein;France;Haut-Rhin;Fellering;0;0;1068;1280;47.94766;7.03266;http://lavl.free.fr/site-parapente-vosges/Markstein-Snow-Kite.html;;photo et forfait;site visité, rien d'exploitable dans ses métadonnées ni ses tableaux;;;;;;;
fr-snoword-snowhall;Snoword (Snowhall);France;Moselle;Amnéville;2;1.1;177;258;49.24684;6.12685;https://www.snowworld.com/amneville/fr;;photo et forfait;site injoignable (400);;;;;;;
fr-stade-de-neige-du-col-du-feu;Stade de neige du Col du Feu;France;Haute-Savoie;Drailland;1;0.9;1082;1160;46.30301;6.50725;;;photo;aucun site web connu (OpenSkiMap n'en publie pas);;;;;;;
fr-stade-des-neiges-du-barioz;Stade des Neiges du Barioz;France;Isère;Morêtel-de-Mailles;3;2;1366;1693;45.33014;6.05509;https://www.barioz.fr/;;photo;site refusé (robots.txt ou 429);;;;;;;
fr-station-d-asco-stagnu;Station d'Asco-Stagnu;France;Haute-Corse;Asco;3;1.4;1423;1497;42.40216;8.92094;;;forfait;aucun site web connu (OpenSkiMap n'en publie pas);;;;;;;
fr-terre-ronde;Terre Ronde;France;Ain;Hauteville-Lompnes;4;5;933;1196;45.98534;5.62545;https://www.hautbugey-tourisme.com/domaine/site-de-terre-ronde/;;forfait;site refusé (robots.txt ou 429);;;;;;;
fr-terre-ronde-la-praille;Terre Ronde - La Praille;France;Ain;Hauteville-Lompnes;2;1;1080;1193;45.98449;5.63330;;;photo et forfait;aucun site web connu (OpenSkiMap n'en publie pas);;;;;;;
fr-thanner-hubel;Thanner Hubel;France;Haut-Rhin;Bitschwiller-lès-Thann;1;0.5;1004;1160;47.82277;7.02864;;;photo et forfait;aucun site web connu (OpenSkiMap n'en publie pas);;;;;;;
fr-thollon-les-memises-463810m67273;Thollon-les-Mémises;France;Haute-Savoie;Bernex;16;19.1;1078;1873;46.38097;6.72730;;;photo et forfait;aucun site web connu (OpenSkiMap n'en publie pas);;;;;;;
fr-val-cenis;Val Cenis;France;Savoie;Lanslevillard;33;89.5;1306;2737;45.27453;6.88004;https://www.valcenis.com;;photo;site injoignable (403);;;;;;;
fr-val-d-allos-la-foux;Val d'Allos - La Foux;France;Alpes-de-Haute-Provence;Allos;18;55.9;1702;2592;44.32517;6.56999;https://www.valdallos.com/;;photo et forfait;site refusé (robots.txt ou 429);;;;;;;
fr-val-thorens-orelle;Val Thorens - Orelle;France;Savoie;Les Allues;33;139.3;1726;3221;45.26381;6.57546;;;photo et forfait;aucun site web connu (OpenSkiMap n'en publie pas);;;;;;;
fr-ventron;Ventron;France;Vosges;Bussang;0;0.1;858;1108;47.91686;6.84808;https://www.ermitage-resort.com/-Ski-Loisirs-;;forfait;site injoignable (pas de réponse);;;;;;;
fr-vergio;Vergio;France;Haute-Corse;Albertacce;0;0;;;42.28518;8.88880;https://stationsfantomes.wordpress.com/2016/11/12/vergio/;;forfait;site visité, rien d'exploitable dans ses métadonnées ni ses tableaux;;;;;;;
fr-vergio-422860m88930;Vergio;France;Haute-Corse;Albertacce;2;0.3;1401;1416;42.28599;8.89300;;;photo et forfait;aucun site web connu (OpenSkiMap n'en publie pas);;;;;;;
fr-vormaine;Vormaine;France;Haute-Savoie;Chamonix;4;2.6;1483;1611;46.00353;6.95199;https://www.lavormaine.com/;https://www.lavormaine.com/index.php/fr/hiver/tarifs-horaires;forfait;site visité, rien d'exploitable dans ses métadonnées ni ses tableaux;;;;;;;
gb-alford-snow-sports-centre;Alford Snow Sports Centre;Royaume-Uni;Aberdeenshire;;2;0;158;169;57.23076;-2.70954;;;photo et forfait;aucun site web connu (OpenSkiMap n'en publie pas);;;;;;;
gb-allenheads;Allenheads;Royaume-Uni;Northumberland;Allendale;2;0;428;447;54.80136;-2.21427;https://www.ski-allenheads.co.uk/;;photo et forfait;site visité, rien d'exploitable dans ses métadonnées ni ses tableaux;;;;;;;
gb-alpine-snowsports-aldershot;Alpine Snowsports Aldershot;Royaume-Uni;Hampshire;Farnborough;3;0.2;98;111;51.25651;-0.74999;https://www.rushmoor.gov.uk/community-parks-and-leisure/sports-and-leisure/alpine-snowsports-centre/;;forfait;site visité, rien d'exploitable dans ses métadonnées ni ses tableaux;;;;;;;
gb-aviemore-dry-ski-slope;Aviemore dry ski slope;Royaume-Uni;Highland;;1;0.1;341;349;57.16377;-3.67550;https://www.glenmorelodge.org.uk/the-lodge/facilities/dry-ski-slope/;;photo et forfait;site injoignable (403);;;;;;;
gb-bearsden-ski-board;Bearsden Ski & Board;Royaume-Uni;East Dunbartonshire;;2;0;79;97;55.92772;-4.34146;https://www.skibearsden.co.uk/;;photo et forfait;site visité, rien d'exploitable dans ses métadonnées ni ses tableaux;;;;;;;
gb-better-ski-board-centre;Better Ski & Board Centre;Royaume-Uni;Hertfordshire;Welwyn Garden City;2;0;85;110;51.78903;-0.21326;;;photo et forfait;aucun site web connu (OpenSkiMap n'en publie pas);;;;;;;
gb-chatham-ski-snowboard-centre;Chatham Ski & Snowboard Centre;Royaume-Uni;Medway;Chatham;1;0.2;58;98;51.35537;0.55844;;;photo et forfait;aucun site web connu (OpenSkiMap n'en publie pas);;;;;;;
gb-firpark-ski-centre;Firpark Ski Centre;Royaume-Uni;Clackmannanshire;;1;0;29;54;56.15735;-3.73890;;;photo et forfait;aucun site web connu (OpenSkiMap n'en publie pas);;;;;;;
gb-garthdee-ski-centre;Garthdee Ski Centre;Royaume-Uni;Aberdeen City;Aberdeen;2;0;15;17;57.12312;-2.12615;https://www.sportaberdeen.co.uk/venues/adventure-aberdeen-snowsports-centre;;forfait;site visité, rien d'exploitable dans ses métadonnées ni ses tableaux;;;;;;;
gb-gloucester-ski-snowboard-centre;Gloucester Ski & Snowboard Centre;Royaume-Uni;Gloucestershire;Gloucester;4;0;74;121;51.83494;-2.22303;;;photo et forfait;aucun site web connu (OpenSkiMap n'en publie pas);;;;;;;
gb-guildford-ski-slope;Guildford Ski Slope;Royaume-Uni;Surrey;Guildford;2;0.2;37;44;51.25630;-0.58103;https://guildfordskislope.co.uk/;https://guildfordskislope.co.uk/prices/;photo et forfait;site visité, rien d'exploitable dans ses métadonnées ni ses tableaux;;;;;;;
gb-halifax-ski-snowboard-centre;Halifax Ski & Snowboard Centre;Royaume-Uni;Calderdale;Halifax;4;0;280;303;53.74059;-1.86012;https://www.ridehalifax.co.uk/;;photo et forfait;site visité, rien d'exploitable dans ses métadonnées ni ses tableaux;;;;;;;
gb-inpiste;InPiste;Royaume-Uni;Central Bedfordshire;Hyde;0;0;158;159;51.84761;-0.40204;https://www.inpiste.co.uk/;;photo et forfait;site refusé (robots.txt ou 429);;;;;;;
gb-knockhatch-ski-snowboard-centre;Knockhatch Ski & Snowboard Centre;Royaume-Uni;East Sussex;Arlington;2;0;25;44;50.86065;0.22631;https://www.knockhatchskicentre.co.uk/;https://knockhatchskischool.com/prices-2026-27-season;photo;site visité, rien d'exploitable dans ses métadonnées ni ses tableaux;;;;;;;
gb-loch-insh-watersports-skiing-centre;Loch Insh Watersports & Skiing Centre;Royaume-Uni;Highland;;1;0;223;231;57.11704;-3.92029;https://www.lochinsh.com/sa-skiing.asp;;photo et forfait;site refusé (robots.txt ou 429);;;;;;;
gb-lowther-hills;Lowther Hills;Royaume-Uni;Dumfries and Galloway;;0;1.8;544;704;55.38289;-3.75746;https://www.skiclub.lowtherhills.com/;;photo et forfait;site visité, rien d'exploitable dans ses métadonnées ni ses tableaux;;;;;;;
gb-mendip-snowsport-centre;Mendip Snowsport Centre;Royaume-Uni;North Somerset;Winscombe and Sandford;4;0;58;93;51.33000;-2.81413;https://mendipsnowsport.co.uk/;;photo et forfait;site injoignable (403);;;;;;;
gb-midland-ski-club-ackers-adventure;Midland Ski Club (Ackers Adventure);Royaume-Uni;Birmingham;Birmingham;1;0.2;110;126;52.45830;-1.85116;https://midlandski.myclubhouse.co.uk/;;photo et forfait;site injoignable (400);;;;;;;
gb-midlothian-snowsports-centre-hillend-dry-slope;Midlothian Snowsports Centre (Hillend Dry Slope);Royaume-Uni;Midlothian;;3;0.7;239;343;55.88559;-3.21142;https://www.midlothian.gov.uk/info/200281/snowsports_centre;https://www.midlothian.gov.uk/info/200281/snowsports_centre/183/prices;photo et forfait;site visité, rien d'exploitable dans ses métadonnées ni ses tableaux;;;;;;;
gb-newmilns-snow-sports-complex;Newmilns Snow & Sports Complex;Royaume-Uni;East Ayrshire;;2;0;91;112;55.61025;-4.32471;;;photo et forfait;aucun site web connu (OpenSkiMap n'en publie pas);;;;;;;
gb-north-staffs-ski-club-kidsgrove;North Staffs Ski Club (Kidsgrove);Royaume-Uni;Staffordshire;Kidsgrove;1;0;154;172;53.07651;-2.24533;https://www.ski-kidsgrove.co.uk/;;photo et forfait;site refusé (robots.txt ou 429);;;;;;;
gb-pembrey-ski-centre;Pembrey ski centre;Royaume-Uni;Carmarthenshire;Pembrey;1;0;10;32;51.67814;-4.30029;https://www.pembreycountrypark.wales/things-to-do/ski-activity-centre/;;photo et forfait;site visité, rien d'exploitable dans ses métadonnées ni ses tableaux;;;;;;;
gb-polmonthill-snowsports-centre;Polmonthill Snowsports Centre;Royaume-Uni;Falkirk;;0;0;;;55.99697;-3.68559;https://www.polmonthill.co.uk/;;photo et forfait;site refusé (robots.txt ou 429);;;;;;;
gb-pontypool-ski-centre;Pontypool Ski Centre;Royaume-Uni;Torfaen;New Inn;1;0;128;178;51.70226;-3.02974;https://www.torfaenleisuretrust.co.uk/en/ski;;forfait;site visité, rien d'exploitable dans ses métadonnées ni ses tableaux;;;;;;;
gb-raise;Raise;Royaume-Uni;Westmorland and Furness;Patterdale;1;0;730;840;54.55037;-3.01386;https://www.ldscsnowski.co.uk/;;forfait;site visité, rien d'exploitable dans ses métadonnées ni ses tableaux;;;;;;;
gb-south-wilts-ski-club;South Wilts Ski Club;Royaume-Uni;Wiltshire;Stockton;0;0;78;78;51.14247;-2.01393;https://southwiltsski.com/;https://southwiltsski.com/prices-and-packages/;forfait;site visité, rien d'exploitable dans ses métadonnées ni ses tableaux;;;;;;;
gb-southampton-alpine-centre;Southampton Alpine Centre;Royaume-Uni;Southampton;Southampton;2;0.2;42;66;50.94207;-1.41604;;;photo et forfait;aucun site web connu (OpenSkiMap n'en publie pas);;;;;;;
gb-stoke-ski-center;Stoke ski center;Royaume-Uni;Stoke-on-Trent;Stoke-On-Trent;3;0;133;160;53.02912;-2.19720;http://www.stokeskicentre.co.uk/;;photo et forfait;site visité, rien d'exploitable dans ses métadonnées ni ses tableaux;;;;;;;
gb-swadlincote-ski-snowboard;Swadlincote Ski & Snowboard;Royaume-Uni;Derbyshire;Swadlincote;4;0;102;132;52.76999;-1.55122;https://jnlswadlincote.co.uk/;https://www.jnlswadlincote.co.uk/opening-times;forfait;site visité, rien d'exploitable dans ses métadonnées ni ses tableaux;;;;;;;
gb-the-snow-centre-hemel-hempstead;The Snow Centre Hemel Hempstead;Royaume-Uni;Hertfordshire;Hemel Hempstead;4;0.2;112;138;51.74574;-0.45909;https://thesnowcentre.com/hemel-hempstead/;;forfait;site refusé (robots.txt ou 429);;;;;;;
gb-the-snow-centre-manchester;The Snow Centre Manchester;Royaume-Uni;Trafford;Urmston;3;0.2;22;23;53.46740;-2.36152;https://www.chillfactore.com/;;forfait;site visité, rien d'exploitable dans ses métadonnées ni ses tableaux;;;;;;;
gb-weardale-ski-club;Weardale Ski Club;Royaume-Uni;Durham;Forest and Frith;2;0;492;658;54.69825;-2.17730;https://www.skiweardale.com/;;forfait;site visité, rien d'exploitable dans ses métadonnées ni ses tableaux;;;;;;;
gb-xscape-castleford;Xscape Castleford;Royaume-Uni;Wakefield;Castleford;2;0.2;28;28;53.71030;-1.34255;https://www.xscape.co.uk/yorkshire/concessions/sno-zone;;photo et forfait;site visité, rien d'exploitable dans ses métadonnées ni ses tableaux;;;;;;;
gb-xscape-milton-keynes;Xscape Milton Keynes;Royaume-Uni;Milton Keynes;Central Milton Keynes;3;0.2;108;108;52.04171;-0.74866;https://www.xscape.co.uk/milton-keynes/concessions/sno-zone;;forfait;site visité, rien d'exploitable dans ses métadonnées ni ses tableaux;;;;;;;
gb-yad-moss;Yad Moss;Royaume-Uni;Westmorland and Furness;Alston Moor;1;0;597;719;54.73460;-2.34828;https://www.yadmoss.co.uk/;;forfait;site visité, rien d'exploitable dans ses métadonnées ni ses tableaux;;;;;;;
ge-crystal;Crystal;Géorgie;Samtskhe-Javakheti;;4;8.5;1770;2301;41.72603;43.54411;https://bakuriani.ski/crystal;https://bakuriani.ski/crystal;photo;site visité, rien d'exploitable dans ses métadonnées ni ses tableaux;;;;;;;
ge-didveli;Didveli;Géorgie;Samtskhe-Javakheti;;7;14.3;1852;2677;41.70685;43.53112;;;photo et forfait;aucun site web connu (OpenSkiMap n'en publie pas);;;;;;;
ge-goderdzi;Goderdzi;Géorgie;Ajaria;;0;0;;;41.63171;42.50990;http://goderdzi.com/;;photo;site injoignable (500);;;;;;;
ge-gudauri;გუდაური, Gudauri, Гудаури;Géorgie;Mtskheta-Mtianeti;;16;34.9;1989;3246;42.50927;44.49438;mta.ski;;photo;site connu, non visité;;;;;;;
ge-hatsvali;Hatsvali, Хацвали;Géorgie;Samagrelo-Zemo Svaneti;;4;7.8;1866;2342;43.02814;42.73532;;;photo et forfait;aucun site web connu (OpenSkiMap n'en publie pas);;;;;;;
ge-kokhta-mitarbi;Kokhta - Mitarbi;Géorgie;Samtskhe-Javakheti;;5;15;1627;2204;41.73955;43.55952;https://mta.ski/;;photo;site visité, rien d'exploitable dans ses métadonnées ni ses tableaux;;;;;;;
ge-tetnuldi;Tetnuldi, Тетнулди;Géorgie;Samagrelo-Zemo Svaneti;;5;8.5;2263;3154;43.02876;42.89465;http://tetnuldi.com/;;photo et forfait;site visité, rien d'exploitable dans ses métadonnées ni ses tableaux;;;;;;;
gr-3-5-3-5-pigadia;Χιονοδρομικό Κέντρο 3-5 Πηγάδια, 3-5 Pigadia;Grèce;Central Macedonia;;6;8.7;1446;1977;40.63375;21.96775;;;photo;aucun site web connu (OpenSkiMap n'en publie pas);;;;;;;
gr-elatohori;Elatohori;Grèce;Central Macedonia;;3;10.9;1412;1913;40.30635;22.20856;http://www.elatohori-ski.gr/;;photo;site visité, rien d'exploitable dans ses métadonnées ni ses tableaux;;;;;;;
gr-kaimaktsalan;Kaimaktsalan;Grèce;Central Macedonia;;6;8.8;2019;2470;40.92116;21.80201;;;photo;aucun site web connu (OpenSkiMap n'en publie pas);;;;;;;
gr-kalavrita-ski-resort;Χιονοδρομικό Κέντρο Καλαβρύτων, Kalavrita Ski Resort;Grèce;Western Greece;;7;10.5;1700;2328;37.99860;22.19156;https://www.kalavrita-ski.gr/;;photo et forfait;site injoignable (pas de réponse);;;;;;;
gr-karakoli;Karakoli;Grèce;Epirus;;3;3.3;1378;1560;39.78259;21.15432;;;photo et forfait;aucun site web connu (OpenSkiMap n'en publie pas);;;;;;;
gr-karamanoli;Karamanoli;Grèce;Thessaly;;1;0.3;1511;1546;39.27867;21.67858;;;photo et forfait;aucun site web connu (OpenSkiMap n'en publie pas);;;;;;;
gr-karpenisi-ski-center;Χιονοδρομικό Κέντρο Καρπενησίου, Karpenisi Ski Center;Grèce;Central Greece;;5;0;1814;2041;38.94833;21.80612;;;photo;aucun site web connu (OpenSkiMap n'en publie pas);;;;;;;
gr-lailias-ski-centre;Χιονοδρομικό Κέντρο Λαϊλιά, Lailias Ski Centre;Grèce;Central Macedonia;;3;1.2;1592;1827;41.26097;23.60295;;;photo et forfait;aucun site web connu (OpenSkiMap n'en publie pas);;;;;;;
gr-mainalo;Mainalo;Grèce;Peloponnese;;3;3.6;1560;1793;37.65033;22.26201;https://mainaloski.gr/;;photo;site refusé (robots.txt ou 429);;;;;;;
gr-pelion-agriolefkes-ski-centre;Χιονοδρομικό Κέντρο Πηλίου Αγριόλευκες, Pelion Agriolefkes Ski Centre;Grèce;Thessaly;;5;4.3;1164;1450;39.38988;23.08890;;;photo;aucun site web connu (OpenSkiMap n'en publie pas);;;;;;;
gr-pertouli-ski-resort;Χιονοδρομικό Κέντρο Περτουλίου, Pertouli Ski Resort;Grèce;Thessaly;;2;1.6;1175;1340;39.54975;21.50190;;;photo et forfait;aucun site web connu (OpenSkiMap n'en publie pas);;;;;;;
gr-tottis-vigla;Tottis Vigla;Grèce;West Macedonia;;3;11.8;1404;1899;40.77473;21.25766;https://vigla-ski.com/;;forfait;site visité, rien d'exploitable dans ses métadonnées ni ses tableaux;;;;;;;
hr-platak;Platak;Croatie;Primorsko-goranska;;7;8.6;1084;1354;45.43065;14.57249;https://www.platak.hr/;;forfait;site visité, rien d'exploitable dans ses métadonnées ni ses tableaux;;;;;;;
hr-rudnik-trsce;Rudnik Tršće;Croatie;Primorsko-goranska;;2;1.6;830;1019;45.56887;14.61556;;;forfait;aucun site web connu (OpenSkiMap n'en publie pas);;;;;;;
hr-skijaliste-vucici;skijalište Vučići;Croatie;Karlovacka;;2;0.3;332;402;45.25217;15.21600;https://skiklubogulin.hr/skijaliste-vucici/;;photo et forfait;site visité, rien d'exploitable dans ses métadonnées ni ses tableaux;;;;;;;
hr-sljeme;Sljeme;Croatie;Grad Zagreb;Zagreb;5;3.5;735;1029;45.88408;15.96191;https://www.sljeme.hr/;;forfait;site visité, rien d'exploitable dans ses métadonnées ni ses tableaux;;;;;;;
hu-babos-siklub-fogarasi-nordica-siiskola;Babos Síklub, Fogarasi Nordica Síiskola;Hongrie;Budapest;Budapest;1;0;116;117;47.52232;19.12829;https://babos-siklub.hu/;;photo et forfait;site visité, rien d'exploitable dans ses métadonnées ni ses tableaux;;;;;;;
hu-nagyvillam-sipalya-visegrad;Nagyvillám Sípálya Visegrád;Hongrie;Pest;;10;1.6;241;373;47.79641;18.99128;;;photo;aucun site web connu (OpenSkiMap n'en publie pas);;;;;;;
hu-normafa-sipalya;Normafa sípálya;Hongrie;Budapest;Budapest;0;0.5;434;464;47.50480;18.96606;https://normafapark.hu;;forfait;site visité, rien d'exploitable dans ses métadonnées ni ses tableaux;;;;;;;
hu-siarena-vibe-park;Síaréna Vibe Park;Hongrie;Veszprém;;8;4.9;329;508;47.20976;17.92892;https://siarena.hu/;;photo;site visité, rien d'exploitable dans ses métadonnées ni ses tableaux;;;;;;;
hu-sipark-matraszentistvan;Sípark Mátraszentistván;Hongrie;Heves;Mátraszentlászló;9;3.3;680;821;47.92317;19.87070;https://www.sipark.hu/;;photo;site visité, rien d'exploitable dans ses métadonnées ni ses tableaux;;;;;;;
hu-zebegenyi-si-es-jegpalya;Zebegényi sí- és jégpálya;Hongrie;Pest;;2;0.6;134;200;47.82102;18.90015;http://havasvolgyzebegeny.5mp.eu/;;photo et forfait;site injoignable (pas de réponse);;;;;;;
hu-zemplen-kalandpark;Zemplen Kalandpark;Hongrie;Borsod-Abauj Zemplen;;7;1.1;320;484;48.40357;21.63613;https://www.zemplenkalandpark.hu/;https://zemplenkalandpark.hu/arak/;forfait;site visité, rien d'exploitable dans ses métadonnées ni ses tableaux;;;;;;;
ie-ski-club-of-ireland;Ski Club Of Ireland;Irlande;Dublin;;4;0.4;172;209;53.21947;-6.18361;https://www.skiclub.ie/;https://skiclub.ie/pricing-booking/;forfait;site visité, rien d'exploitable dans ses métadonnées ni ses tableaux;;;;;;;
is-blafjoll;Bláfjöll;Islande;South;;13;11.1;456;678;63.96934;-21.64397;https://skidasvaedi.is/;;forfait;site visité, rien d'exploitable dans ses métadonnées ni ses tableaux;;;;;;;
is-dalirnir-tveir;Dalirnir tveir;Islande;Westfjords;;3;10.5;114;482;66.05976;-23.24564;https://www.dalirnir.is/;;photo;site visité, rien d'exploitable dans ses métadonnées ni ses tableaux;;;;;;;
is-dalvik;Dalvík;Islande;Northeast;;2;4.4;43;324;65.97074;-18.56782;https://www.skidalvik.is/;;photo;site refusé (robots.txt ou 429);;;;;;;
is-hli-arfjall;Hlíðarfjall;Islande;Northeast;;7;10;478;943;65.65977;-18.23446;https://www.hlidarfjall.is/;;photo et forfait;site refusé (robots.txt ou 429);;;;;;;
is-siglufjordur;Siglufjordur;Islande;Northeast;;4;3.4;328;634;66.12413;-18.98308;https://www.skardsdalur.is/;;photo;site refusé (robots.txt ou 429);;;;;;;
is-tindaoxl-olafsfjor-ur;Tindaöxl – Ólafsfjörður;Islande;Northeast;Olafsfjordur;1;1;48;204;66.06842;-18.64060;https://www.skiol.is/;;photo et forfait;site refusé (robots.txt ou 429);;;;;;;
is-tindastoll;Tindastóll;Islande;Northwest;;3;3.1;450;672;65.78342;-19.74618;https://skitindastoll.is/;;forfait;site visité, rien d'exploitable dans ses métadonnées ni ses tableaux;;;;;;;
it-alpe-cainallo;Alpe Cainallo;Italie;Lecco;;3;0.1;1245;1258;45.98469;9.36468;;;photo;aucun site web connu (OpenSkiMap n'en publie pas);;;;;;;
it-antagnod;Antagnod;Italie;Valle D'Aosta;;4;11.3;1727;2305;45.82281;7.68260;https://www.visitmonterosa.com/;;forfait;site refusé (robots.txt ou 429);;;;;;;
it-antermoia-untermoi;Antermoia, Untermoi;Italie;Bolzano/Bozen;;1;0.8;1523;1684;46.69035;11.84555;;;photo et forfait;aucun site web connu (OpenSkiMap n'en publie pas);;;;;;;
it-area-sciistica-pian-del-falco;Area sciistica Pian del Falco;Italie;Arezzo;;0;0.5;1365;1531;43.86414;11.73403;;;photo et forfait;aucun site web connu (OpenSkiMap n'en publie pas);;;;;;;
it-area-sciistica-pian-del-poggio-monte-chiappo;Area Sciistica Pian del Poggio Monte Chiappo;Italie;Alessandria;;1;3.2;1330;1690;44.68966;9.20743;https://www.seggioviapiandelpoggio.it/;https://www.seggioviapiandelpoggio.it/ski-resort/tariffe/;forfait;site visité, rien d'exploitable dans ses métadonnées ni ses tableaux;;;;;;;
it-area-sciistica-ussita-frontignano;Area Sciistica Ussita Frontignano;Italie;Macerata;;4;16.9;1348;1964;42.91259;13.17487;https://www.frontignano360.it/;;forfait;site visité, rien d'exploitable dans ses métadonnées ni ses tableaux;;;;;;;
it-argentera;Argentera;Italie;Cuneo;;4;13.9;1631;2519;44.37788;6.95088;;;forfait;aucun site web connu (OpenSkiMap n'en publie pas);;;;;;;
it-artesina;Artesina;Italie;Cuneo;;13;34.2;801;2091;44.24894;7.75354;https://www.artesina.it/;;forfait;site visité, rien d'exploitable dans ses métadonnées ni ses tableaux;;;;;;;
it-bardonecchia-jafferau;Bardonecchia - Jafferau;Italie;Turin;;5;19.7;1349;2708;45.08647;6.73989;https://www.bardonecchiaski.com/;;photo et forfait;site refusé (robots.txt ou 429);;;;;;;
it-biancoia;Biancoia;Italie;Vicenza;;3;3.8;1099;1232;45.82468;11.63328;;;photo et forfait;aucun site web connu (OpenSkiMap n'en publie pas);;;;;;;
it-bruncu-spina;Bruncu Spina;Italie;Nuoro;;2;3.4;1560;1822;40.01936;9.30298;https://www.bruncuspina.com/;;photo;site visité, rien d'exploitable dans ses métadonnées ni ses tableaux;;;;;;;
it-brusson;Brusson;Italie;Valle D'Aosta;;4;9.6;1737;2236;45.76550;7.76036;https://www.visitmonterosa.com/;;forfait;site refusé (robots.txt ou 429);;;;;;;
it-caldirola;Caldirola;Italie;Alessandria;;1;4.3;1091;1439;44.71837;9.14479;;;forfait;aucun site web connu (OpenSkiMap n'en publie pas);;;;;;;
it-campocatino;Campocatino;Italie;Frosinone;;5;8;1618;1936;41.83475;13.33886;https://www.campocatino.eu/;https://www.campocatino.eu/skipass-giornalieri/;forfait;site visité, rien d'exploitable dans ses métadonnées ni ses tableaux;;;;;;;
it-capracotta;Capracotta;Italie;Isernia;;2;1.5;1385;1638;41.81372;14.25044;https://capracotta.com/;;forfait;site visité, rien d'exploitable dans ses métadonnées ni ses tableaux;;;;;;;
it-centro-fondo-arpy-morgex;Centro Fondo Arpy - Morgex;Italie;Valle D'Aosta;;0;0;1672;1764;45.74073;7.00971;https://ostellodiarpy.com/;https://ostellodiarpy.com/tariffe/;forfait;site visité, rien d'exploitable dans ses métadonnées ni ses tableaux;;;;;;;
it-cheggio;Cheggio;Italie;Verbano-Cusio-Ossola;;2;1.1;1461;1540;46.08574;8.12048;;;photo et forfait;aucun site web connu (OpenSkiMap n'en publie pas);;;;;;;
it-cimone-area-sciistica-monte-cimone;Cimone, Area sciistica Monte Cimone;Italie;Modena;;15;34.9;1305;1858;44.20497;10.70886;https://cimonesci.it;;forfait;site injoignable (pas de réponse);;;;;;;
it-conca-dell-alben;Conca dell'Alben;Italie;Bergamo;;1;0.8;1345;1419;45.88013;9.77073;;;photo et forfait;aucun site web connu (OpenSkiMap n'en publie pas);;;;;;;
it-cortina-d-ampezzo;Cortina d'Ampezzo;Italie;Belluno;Auronzo di Cadore;37;106.1;859;2739;46.52736;12.19515;http://www.cortinadolomiti.eu/;;photo et forfait;site visité, rien d'exploitable dans ses métadonnées ni ses tableaux;;;;;;;
it-cortina-tofane;Cortina Tofane;Italie;Belluno;Cortina d'Ampezzo;13;39.2;1212;2739;46.53882;12.09953;https://www.impianticortina.it/;https://www.impianticortina.it/impianti-e-prezzi-estate/;forfait;site visité, rien d'exploitable dans ses métadonnées ni ses tableaux;;;;;;;
it-crissolo-monviso-ski;Crissolo - Monviso Ski;Italie;Cuneo;;4;11.8;1537;2308;44.69340;7.13532;;;forfait;aucun site web connu (OpenSkiMap n'en publie pas);;;;;;;
it-cristallo-faloria;Cristallo - Faloria;Italie;Belluno;Cortina d'Ampezzo;7;18.5;1686;2352;46.54788;12.16651;https://faloriacristallo.it/;https://faloriacristallo.it/prezzi-e-orari-estate/;forfait;site visité, rien d'exploitable dans ses métadonnées ni ses tableaux;;;;;;;
it-fago-del-soldato;Fago del Soldato;Italie;Cosenza;;0;0;;;39.34608;16.39922;;;photo et forfait;aucun site web connu (OpenSkiMap n'en publie pas);;;;;;;
it-forca-canapine;Forca Canapine;Italie;Ascoli Piceno;;3;0;1349;1602;42.76119;13.20079;https://www.forcacanapine.com/;;photo;site injoignable (pas de réponse);;;;;;;
it-forcella-aurine;Forcella Aurine;Italie;Belluno;;2;2;1302;1443;46.23348;11.97473;;;photo et forfait;aucun site web connu (OpenSkiMap n'en publie pas);;;;;;;
it-forni-di-sopra;Forni di Sopra;Italie;Udine;Forni di Sopra;9;13.3;882;2068;46.43915;12.56903;https://www.turismofvg.it/;;forfait;site refusé (robots.txt ou 429);;;;;;;
it-jochgrimm-passo-oclini;Jochgrimm, Passo Oclini;Italie;Bolzano/Bozen;;6;6;1843;2227;46.34539;11.44628;https://jochgrimm.com;https://oclini.com/preise-skiurlaub-snowboard-schifahren/;forfait;site visité, rien d'exploitable dans ses métadonnées ni ses tableaux;;;;;;;
it-kaberlaba;Kaberlaba;Italie;Vicenza;;7;3.9;997;1153;45.84968;11.49669;https://www.kaberland.com/inverno/;https://www.kaberland.com/ticket-pass/;forfait;site visité, rien d'exploitable dans ses métadonnées ni ses tableaux;;;;;;;
it-kinderalm-valbruna;Kinderalm Valbruna;Italie;Udine;;3;0;782;810;46.50000;13.48324;;;photo et forfait;aucun site web connu (OpenSkiMap n'en publie pas);;;;;;;
it-lagazuoi-5-torri;Lagazuoi - 5 Torri;Italie;Belluno;;8;27.9;1725;2727;46.52378;12.01970;https://cortinadelicious.it/;https://cortinadelicious.it/IT/p66-Gli-impianti-di-risalita-prezzi-e-calendario;forfait;site visité, rien d'exploitable dans ses métadonnées ni ses tableaux;;;;;;;
it-lanzo-d-intelvi;Lanzo d'Intelvi;Italie;Como;;2;1.2;1087;1198;45.96885;9.00652;;;photo et forfait;aucun site web connu (OpenSkiMap n'en publie pas);;;;;;;
it-lemelette;leMelette;Italie;Vicenza;;7;11.7;1422;1731;45.92167;11.56827;https://www.lemelette.it/;https://www.lemelette.it/skipass-giornalieri;forfait;site visité, rien d'exploitable dans ses métadonnées ni ses tableaux;;;;;;;
it-macesnovc-ratece;Macesnovc Rateče;Italie;Udine;;1;1.1;862;1179;46.48699;13.70721;http://www.ratece-planica.si/;;forfait;site visité, rien d'exploitable dans ses métadonnées ni ses tableaux;;;;;;;
it-macugnaga-belvedere;Macugnaga - Belvedere;Italie;Verbano-Cusio-Ossola;;4;6.7;1373;1906;45.96790;7.93641;;;photo et forfait;aucun site web connu (OpenSkiMap n'en publie pas);;;;;;;
it-malesco;Malesco;Italie;Verbano-Cusio-Ossola;;1;0.4;794;911;46.12134;8.50161;;;photo et forfait;aucun site web connu (OpenSkiMap n'en publie pas);;;;;;;
it-monte-piselli;Monte Piselli;Italie;Teramo;;1;2.8;1429;1648;42.79022;13.58001;http://www.montepiselli.it/;;forfait;site visité, rien d'exploitable dans ses métadonnées ni ses tableaux;;;;;;;
it-monte-prata;Monte Prata;Italie;Macerata;;3;3.4;1558;1784;42.87110;13.19881;https://sibillini.palple.net/monteprata2.html;;forfait;site visité, rien d'exploitable dans ses métadonnées ni ses tableaux;;;;;;;
it-monte-valbella-asiago;Monte Valbella (Asiago);Italie;Vicenza;;2;11.6;1134;1139;45.87066;11.58237;https://www.valbella-sciovie.com/;;photo et forfait;site visité, rien d'exploitable dans ses métadonnées ni ses tableaux;;;;;;;
it-monterosa-ski;Monterosa Ski;Italie;Valle D'Aosta;;37;71.5;1207;3030;45.86051;7.83618;https://monterosaski.eu/en;;forfait;site refusé (robots.txt ou 429);;;;;;;
it-nevelandia;Nevelandia;Italie;Pordenone;Piancavallo;3;0.1;1278;1286;46.11336;12.52359;https://www.nevelandia.com/;;photo et forfait;site refusé (robots.txt ou 429);;;;;;;
it-passo-godi-di-scanno;Passo Godi di Scanno;Italie;L'Aquila;;6;3.9;1535;1754;41.83562;13.92788;;;photo et forfait;aucun site web connu (OpenSkiMap n'en publie pas);;;;;;;
it-passo-san-leonardo;Passo San Leonardo;Italie;L'Aquila;;3;3;1208;1345;42.07351;14.02837;;;photo et forfait;aucun site web connu (OpenSkiMap n'en publie pas);;;;;;;
it-petersberg-monte-san-pietro-petersberg-monte-san-pietro;Petersberg - Monte San Pietro, Petersberg, Monte San Pietro;Italie;Bolzano/Bozen;;1;1.6;1354;1469;46.39307;11.38804;;;forfait;aucun site web connu (OpenSkiMap n'en publie pas);;;;;;;
it-piancavallo;Piancavallo;Italie;Pordenone;Piancavallo;16;15;1267;1812;46.10575;12.50385;;;forfait;aucun site web connu (OpenSkiMap n'en publie pas);;;;;;;
it-piani-dell-avaro;Piani dell'Avaro;Italie;Bergamo;;2;0.2;1688;1746;46.00464;9.59950;;;photo et forfait;aucun site web connu (OpenSkiMap n'en publie pas);;;;;;;
it-piani-di-artavaggio;Piani di Artavaggio;Italie;Lecco;Barzio;5;1.3;1610;1648;45.93202;9.51168;https://www.pianidibobbio.com/artavaggio;;photo;site visité, rien d'exploitable dans ses métadonnées ni ses tableaux;;;;;;;
it-pista-slittini-e-bob;Pista slittini e bob;Italie;Modena;;1;0;1327;1330;44.28634;10.66738;;;photo et forfait;aucun site web connu (OpenSkiMap n'en publie pas);;;;;;;
it-pradis-ci;Pradis_ci;Italie;Trento;;2;0.2;1021;1053;46.15456;11.28994;https://www.winterparkpradis-ci.it/;;forfait;site visité, rien d'exploitable dans ses métadonnées ni ses tableaux;;;;;;;
it-prali-448786m70569;Prali;Italie;Turin;;4;11.5;1477;2488;44.87859;7.05686;;;forfait;aucun site web connu (OpenSkiMap n'en publie pas);;;;;;;
it-ramudla;Ramudla;Italie;Bolzano/Bozen;;1;0.4;1787;1868;46.72396;10.68219;;;photo et forfait;aucun site web connu (OpenSkiMap n'en publie pas);;;;;;;
it-roccaraso-rivisondoli;Roccaraso - Rivisondoli;Italie;L'Aquila;;28;65.3;1298;2129;41.83176;14.02146;https://roccaraso.net/;https://roccaraso.net/roccaraso-estate/tariffe-estive/;forfait;site visité, rien d'exploitable dans ses métadonnées ni ses tableaux;;;;;;;
it-san-martino-di-castrozza;San Martino di Castrozza;Italie;Trento;;16;29.7;1402;2351;46.25465;11.79243;https://www.sanmartino.com;https://www.sanmartino.com/item.url;forfait;site visité, rien d'exploitable dans ses métadonnées ni ses tableaux;;;;;;;
it-san-martino-di-castrozza-passo-rolle;San Martino di Castrozza - Passo Rolle;Italie;Trento;;22;42.2;1402;2351;46.26953;11.79243;https://www.sanmartino.com/;https://www.sanmartino.com/item.url;forfait;site visité, rien d'exploitable dans ses métadonnées ni ses tableaux;;;;;;;
it-san-simone;San Simone;Italie;Bergamo;;0;0;;;46.04114;9.69819;https://www.brembanaski.com/sansimone.html;;photo et forfait;site injoignable (pas de réponse);;;;;;;
it-sarnano-sassotetto;Sarnano - Sassotetto;Italie;Macerata;;9;6.9;1287;1587;43.00796;13.23546;https://www.sarnanoneve.it/;https://www.sarnanoneve.it/skipass/;forfait;site visité, rien d'exploitable dans ses métadonnées ni ses tableaux;;;;;;;
it-scanno;Scanno;Italie;L'Aquila;;3;7;1165;1876;41.88939;13.86707;;;forfait;aucun site web connu (OpenSkiMap n'en publie pas);;;;;;;
it-scanno-419022m138791;Scanno;Italie;L'Aquila;Scanno;0;0;;;41.90225;13.87910;https://www.sciareascanno.it/;;photo;site visité, rien d'exploitable dans ses métadonnées ni ses tableaux;;;;;;;
it-schilpario;Schilpario;Italie;Bergamo;Schilpario;1;0.5;1140;1215;46.00514;10.16245;;;forfait;aucun site web connu (OpenSkiMap n'en publie pas);;;;;;;
it-sella-ciampigotto-casera-razzo;Sella Ciampigotto - Casera Razzo;Italie;Belluno;;0;0;;;46.48352;12.58307;;;photo et forfait;aucun site web connu (OpenSkiMap n'en publie pas);;;;;;;
it-selvarotonda;Selvarotonda;Italie;Rieti;;2;4.6;1545;1783;42.61637;13.11948;;;forfait;aucun site web connu (OpenSkiMap n'en publie pas);;;;;;;
it-tarvisio-tarvis;Tarvisio, Tarvis;Italie;Udine;;17;26.6;749;1773;46.47517;13.51989;;;photo et forfait;aucun site web connu (OpenSkiMap n'en publie pas);;;;;;;
it-terminillo;Terminillo;Italie;Rieti;;0;0;;;42.46723;12.99013;https://www.terminillo.eu/;https://www.terminillo.eu/mappa-impianti-piste-da-sci/;forfait;site visité, rien d'exploitable dans ses métadonnées ni ses tableaux;;;;;;;
it-val-d-aveto;Val d'Aveto;Italie;Genova;;5;5.2;1276;1777;44.55416;9.48294;https://www.montebue.com/;;forfait;site visité, rien d'exploitable dans ses métadonnées ni ses tableaux;;;;;;;
it-val-formica;Val Formica;Italie;Vicenza;;3;2.4;1640;1763;45.97072;11.40169;https://www.valformica.it/;https://www.valformica.it/listino-prezzi-2026/;forfait;site visité, rien d'exploitable dans ses métadonnées ni ses tableaux;;;;;;;
it-verena-2000;Verena 2000;Italie;Vicenza;;5;10.8;1640;1997;45.92309;11.40868;https://www.skiverena.com/;https://www.skiverena.com/rifugi/rifugio-verenetta-listino-prezzi/;forfait;site visité, rien d'exploitable dans ses métadonnées ni ses tableaux;;;;;;;
it-watles-vatles-watles-vatles;Watles - Vatles, Watles, Vatles;Italie;Bolzano/Bozen;;4;8.6;1725;2495;46.71368;10.49662;https://www.ortlerskiarena.com/it/aree-sciistiche/val-venosta/watles;;photo et forfait;site refusé (robots.txt ou 429);;;;;;;
it-zambla-alta;Zambla Alta;Italie;Bergamo;;1;0.3;1232;1293;45.89351;9.80033;;;photo et forfait;aucun site web connu (OpenSkiMap n'en publie pas);;;;;;;
kz-ak-bulak;AK Bulak;Kazakhstan;Almaty;;9;6.9;1633;2603;43.25942;77.38148;;;photo et forfait;aucun site web connu (OpenSkiMap n'en publie pas);;;;;;;
kz-altayskiye-alpy;Altayskiye Alpy;Kazakhstan;Shyghys Qazaqstan;;4;10;644;981;49.94471;83.01688;https://alps.altay.kz/;https://alps.altay.kz/price/;forfait;site visité, rien d'exploitable dans ses métadonnées ni ses tableaux;;;;;;;
kz-nurtau;Nurtau;Kazakhstan;Shyghys Qazaqstan;;2;2.8;483;799;50.21624;82.69785;;;photo et forfait;aucun site web connu (OpenSkiMap n'en publie pas);;;;;;;
kz-oi-qaragai;Oi-Qaragai;Kazakhstan;Almaty;;5;4.7;1558;1820;43.22724;77.14144;;;photo et forfait;aucun site web connu (OpenSkiMap n'en publie pas);;;;;;;
kz-shymbulak;Шымбұлақ, Shymbulak, Шымбулак;Kazakhstan;Almaty;;11;11;2298;3205;43.13696;77.08572;https://shymbulak.com/;;photo et forfait;site refusé (robots.txt ou 429);;;;;;;
kz-tabagan;Tabagan;Kazakhstan;Almaty;;0;0;;;43.21425;77.09542;;;photo et forfait;aucun site web connu (OpenSkiMap n'en publie pas);;;;;;;
kz-tau-samaly;Tau Samaly;Kazakhstan;Ongtustik Qazaqstan;;1;0;1361;1597;42.15855;70.08322;;;photo et forfait;aucun site web connu (OpenSkiMap n'en publie pas);;;;;;;
lt-aukstagires-slidinejimo-trasa;Aukštagirės slidinėjimo trasa;Lituanie;Taurage;;6;0;175;223;55.60945;22.33106;https://aukstagireskalnas.lt/;;forfait;site visité, rien d'exploitable dans ses métadonnées ni ses tableaux;;;;;;;
lt-jonavos-slidinejimo-centras;Jonavos slidinėjimo centras;Lituanie;Kaunas;Jonava;1;0;50;77;55.07681;24.26653;https://www.jsc.lt/;;forfait;site visité, rien d'exploitable dans ses métadonnées ni ses tableaux;;;;;;;
lt-kalita-kalnas;Kalita Kalnas;Lituanie;Utena;Anykščiai;2;0;76;111;55.52628;25.12592;;;photo et forfait;aucun site web connu (OpenSkiMap n'en publie pas);;;;;;;
lt-liepkalnis-lipowka;Liepkalnis, Lipówka;Lituanie;Vilnius;Vilnius;10;2.1;176;230;54.65651;25.30704;https://liepkalnis.lt/;;forfait;site visité, rien d'exploitable dans ses métadonnées ni ses tableaux;;;;;;;
lt-mortos-kalns;Mortos Kalns;Lituanie;Telšiai County;;3;0;80;110;55.87251;21.81611;;;photo et forfait;aucun site web connu (OpenSkiMap n'en publie pas);;;;;;;
lv-baili;Baili;Lettonie;Beverinas;;7;0;33;57;57.53478;25.46689;;;photo;aucun site web connu (OpenSkiMap n'en publie pas);;;;;;;
lv-eglukalns;Egļukalns;Lettonie;Daugavpils;;4;0;183;217;55.87320;26.33054;http://eglukalns.lv/;;forfait;site visité, rien d'exploitable dans ses métadonnées ni ses tableaux;;;;;;;
lv-kamparkalns;Kamparkalns;Lettonie;Talsu;;2;0;127;155;57.21614;22.63785;;;photo et forfait;aucun site web connu (OpenSkiMap n'en publie pas);;;;;;;
lv-lemberga-hute;Lemberga Hūte;Lettonie;Ventspils;Wentspils;4;0;4;54;57.37282;21.54801;https://www.lembergahute.lv/;;photo et forfait;site visité, rien d'exploitable dans ses métadonnées ni ses tableaux;;;;;;;
lv-mezezers;Mezezers;Lettonie;Plavinu;;2;0;103;152;56.65934;25.71186;;;photo et forfait;aucun site web connu (OpenSkiMap n'en publie pas);;;;;;;
lv-milzkalns;Milzkalns;Lettonie;Engures;;10;2.2;70;110;57.00195;23.20559;https://www.milzkalns.lv/;;photo et forfait;site injoignable (pas de réponse);;;;;;;
lv-ozolkalns;Ozolkalns;Lettonie;Amatas;;8;1.7;28;103;57.29735;25.22227;https://www.ozolkalns.lv/winter;https://www.ozolkalns.lv/winter/accommodation-prices;forfait;site visité, rien d'exploitable dans ses métadonnées ni ses tableaux;;;;;;;
lv-reina-trase;Reina Trase;Lettonie;Krimuldas;;5;0;54;81;57.18027;24.81888;;;photo et forfait;aucun site web connu (OpenSkiMap n'en publie pas);;;;;;;
lv-riekstukalns;Riekstukalns;Lettonie;Baldones;;20;0;37;82;56.77337;24.40356;;;photo et forfait;aucun site web connu (OpenSkiMap n'en publie pas);;;;;;;
lv-siguldas-trase;Siguldas Trase;Lettonie;Siguldas;Segewold;4;0;16;100;57.15954;24.84140;;;photo et forfait;aucun site web connu (OpenSkiMap n'en publie pas);;;;;;;
lv-zagarkalns;Žagarkalns;Lettonie;Cesu;;0;0;;;57.30086;25.23108;https://zagarkalns.lv/;;forfait;site visité, rien d'exploitable dans ses métadonnées ni ses tableaux;;;;;;;
me-kolasin-1450-ski-resort-1450;Kolašin 1450 ski resort, Колашин 1450 ски резорт;Monténégro;Andrijevica;;5;19;1425;1915;42.81997;19.63334;;;photo et forfait;aucun site web connu (OpenSkiMap n'en publie pas);;;;;;;
me-kolasin-1600;Kolašin 1600;Monténégro;Kolasin;;2;18.1;1502;2028;42.83859;19.64757;https://www.skijalista.me/ski-centri/kolasin-1600;https://skijalista.me/en/pricelist/;forfait;site visité, rien d'exploitable dans ses métadonnées ni ses tableaux;;;;;;;
me-ski-centar-savin-kuk;Ski centar Savin kuk, Ски центар Савин кук;Monténégro;Zabljak;;5;4.2;1514;2175;43.11936;19.09286;;;photo et forfait;aucun site web connu (OpenSkiMap n'en publie pas);;;;;;;
mk-420122m208697;Скијачки центар Попова шапка;Macédoine du Nord;Bogovinje Municipality;;8;19.2;1664;2376;42.01224;20.86966;https://skimacedonia.mk/ski-regions/popova-sapka/?lang=en;;photo;site injoignable (503);;;;;;;
mk-krusevo;Kruševo;Macédoine du Nord;Krusevo Municipality;;3;0.4;1357;1406;41.36800;21.23926;;;photo et forfait;aucun site web connu (OpenSkiMap n'en publie pas);;;;;;;
mk-mavrovo;Mavrovo;Macédoine du Nord;Mavrovo and Rostusa Municipality;;14;13.9;1268;1875;41.63740;20.71804;;;photo et forfait;aucun site web connu (OpenSkiMap n'en publie pas);;;;;;;
mk-nizepole;Nizepole;Macédoine du Nord;Bitola Municipality;;2;0;1316;1443;40.98066;21.25559;;;photo et forfait;aucun site web connu (OpenSkiMap n'en publie pas);;;;;;;
mk-pelister;Pelister;Macédoine du Nord;Bitola Municipality;;2;0;1414;1772;41.03370;21.21923;;;photo et forfait;aucun site web connu (OpenSkiMap n'en publie pas);;;;;;;
mk-ponikva;Ponikva;Macédoine du Nord;Kocani Municipality;;2;0;1510;1628;42.03737;22.35642;https://skimacedonia.mk/ski-regions/ponikva/?lang=en;;photo et forfait;site injoignable (503);;;;;;;
mk-ski-center-mihajlovo;Ски Центар Михајово, Ski Center Mihajlovo;Macédoine du Nord;Kavadarci Municipality;;2;0.5;1236;1332;41.18644;22.06519;;;photo et forfait;aucun site web connu (OpenSkiMap n'en publie pas);;;;;;;
nl-alpine-world-oss;Alpine World (Oss);Pays-Bas;North Brabant;Oss;3;0.4;10;28;51.75287;5.55794;https://alpineworld.nl/;;forfait;site visité, rien d'exploitable dans ses métadonnées ni ses tableaux;;;;;;;
nl-de-schans;De Schans;Pays-Bas;North Brabant;Uden;2;0.3;21;46;51.66946;5.64638;https://www.deschans.nl/;;forfait;site visité, rien d'exploitable dans ses métadonnées ni ses tableaux;;;;;;;
nl-indoor-ski-rotterdam;Indoor Ski Rotterdam;Pays-Bas;South Holland;Rotterdam;0;0;;;51.94023;4.54487;https://www.indoorski-rotterdam.nl/;;photo et forfait;site refusé (robots.txt ou 429);;;;;;;
nl-outdoorski-bergschenhoek;Outdoorski Bergschenhoek;Pays-Bas;South Holland;Bergschenhoek;4;0;-6;25;51.97543;4.54831;https://outdoorvalleywintersport.nl/;;forfait;site visité, rien d'exploitable dans ses métadonnées ni ses tableaux;;;;;;;
nl-skicentrum-de-wijchense-berg;Skicentrum de Wijchense Berg;Pays-Bas;Gelderland;Alverna;0;0;;;51.79797;5.75932;https://www.dewijchenseberg.nl/;;forfait;site visité, rien d'exploitable dans ses métadonnées ni ses tableaux;;;;;;;
nl-skicentrum-drechtsteden;Skicentrum Drechtsteden;Pays-Bas;South Holland;Dordrecht;2;0.2;2;22;51.81788;4.74840;https://www.ski-baan.nl/;;forfait;site visité, rien d'exploitable dans ses métadonnées ni ses tableaux;;;;;;;
nl-skicentrum-hoofddorp;Skicentrum Hoofddorp;Pays-Bas;North Holland;Hoofddorp;0;0;;;52.30953;4.70427;https://www.skicentrumhoofddorp.nl/;;forfait;site visité, rien d'exploitable dans ses métadonnées ni ses tableaux;;;;;;;
nl-skicentrum-soesterberg-huis-ter-heide;Skicentrum Soesterberg (Huis ter Heide);Pays-Bas;Utrecht;Huis ter Heide;0;0;;;52.11371;5.27916;https://www.skicentrumsoesterberg.nl/wordpress/;;forfait;site visité, rien d'exploitable dans ses métadonnées ni ses tableaux;;;;;;;
nl-skiclub-il-primo;Skiclub Il Primo;Pays-Bas;North Holland;Bergen;0;0;;;52.67881;4.69210;https://www.ilprimo.nl/;;forfait;site visité, rien d'exploitable dans ses métadonnées ni ses tableaux;;;;;;;
nl-skipiste-nieuwegein;Skipiste Nieuwegein;Pays-Bas;Utrecht;Utrecht;2;0.4;1;21;52.03506;5.06040;https://skipistenieuwegein.nl;;forfait;site visité, rien d'exploitable dans ses métadonnées ni ses tableaux;;;;;;;
nl-snowworld-landgraaf;SnowWorld Landgraaf;Pays-Bas;Limburg;Schaesberg;5;0.7;155;220;50.87481;6.02223;https://www.snowworld.com/;;forfait;site injoignable (400);;;;;;;
nl-vallei-53;Vallei 53;Pays-Bas;Overijssel;Enschede;3;0;32;52;52.17901;6.82931;https://vallei53.nl/;;forfait;site visité, rien d'exploitable dans ses métadonnées ni ses tableaux;;;;;;;
nl-wolfskamer-wintersport;Wolfskamer Wintersport;Pays-Bas;North Holland;Huizen;7;0;1;18;52.30829;5.23690;https://www.wolfskamer.nl/;;forfait;site visité, rien d'exploitable dans ses métadonnées ni ses tableaux;;;;;;;
no-adneram-skitrekk;Ådneram Skitrekk;Norvège;Agder;;4;6.5;574;824;59.02120;6.91009;https://www.aadneram-skitrekk.no/;;photo;site refusé (robots.txt ou 429);;;;;;;
no-aktiven-skiheis;Aktiven skiheis;Norvège;Vestland;;4;0;363;528;60.37909;6.00716;https://www.aktiven.no/;;photo et forfait;site visité, rien d'exploitable dans ses métadonnées ni ses tableaux;;;;;;;
no-alen-skisenter;Ålen skisenter;Norvège;Trøndelag;;2;5.4;398;724;62.83051;11.29272;;;photo;aucun site web connu (OpenSkiMap n'en publie pas);;;;;;;
no-b-rgefjellsenteret;Børgefjellsenteret;Norvège;Trøndelag;;2;0;461;578;64.89044;13.52200;https://www.facebook.com/Borgefjellsenteret/?ref=page_internal;;photo;site injoignable (400);;;;;;;
no-bj-rkelangen-skisenter;Bjørkelangen skisenter;Norvège;Viken;Bjørkelangen;1;0;158;259;59.88657;11.54347;;;photo et forfait;aucun site web connu (OpenSkiMap n'en publie pas);;;;;;;
no-bleikvassli-skibakke;Bleikvassli skibakke;Norvège;Nordland;;1;0.2;322;362;65.90819;13.84097;;;photo et forfait;aucun site web connu (OpenSkiMap n'en publie pas);;;;;;;
no-bortelid-skisenter;Bortelid Skisenter;Norvège;Agder;;6;4.5;578;805;58.82969;7.47622;https://www.bortelid.no/skisenter;;photo;site refusé (robots.txt ou 429);;;;;;;
no-brattst-len-skisenter;Brattstølen Skisenter;Norvège;Innlandet;;1;0;804;906;60.86666;9.19395;https://sites.google.com/site/vasetdansen/brattstoelen-skisenter;;photo et forfait;site refusé (robots.txt ou 429);;;;;;;
no-breimsbygda-skisenter;Breimsbygda Skisenter;Norvège;Vestland;;3;2.8;635;845;61.76572;6.51329;https://www.breimsbygdaskisenter.no/;;photo;site refusé (robots.txt ou 429);;;;;;;
no-budor-skitrekk;Budor skitrekk;Norvège;Innlandet;;3;3.8;630;743;60.95208;11.28240;;;photo;aucun site web connu (OpenSkiMap n'en publie pas);;;;;;;
no-daltr-a-alpinbakke;Daltrøa alpinbakke;Norvège;Trøndelag;;0;0;;;63.50416;11.07168;;;photo et forfait;aucun site web connu (OpenSkiMap n'en publie pas);;;;;;;
no-dombas-skiheiser;Dombas Skiheiser;Norvège;Innlandet;;2;0;752;1070;62.07164;9.15624;;;photo;aucun site web connu (OpenSkiMap n'en publie pas);;;;;;;
no-eikerapen;Eikerapen;Norvège;Agder;;2;0;377;646;58.54318;7.34696;https://www.eikerapen.info/;https://www.eikerapen.info/priser/;forfait;site visité, rien d'exploitable dans ses métadonnées ni ses tableaux;;;;;;;
no-engerdal-stfjell;Engerdal Østfjell;Norvège;Innlandet;;1;1.3;794;914;61.78427;11.97130;;;photo et forfait;aucun site web connu (OpenSkiMap n'en publie pas);;;;;;;
no-fagerfjell-skisenter-598287m93067;Fagerfjell skisenter;Norvège;Viken;;1;0;609;748;59.82868;9.30670;;;photo et forfait;aucun site web connu (OpenSkiMap n'en publie pas);;;;;;;
no-fefor-h-ifjellshotell-skibakke-l-yper;Fefor Høifjellshotell Skibakke & Løyper;Norvège;Innlandet;;1;2.1;943;1072;61.54137;9.64189;;;photo et forfait;aucun site web connu (OpenSkiMap n'en publie pas);;;;;;;
no-fidjeland-skitrekk;Fidjeland Skitrekk;Norvège;Agder;;3;2.3;643;970;58.96274;6.95468;https://www.fidjeland.com/;;photo;site visité, rien d'exploitable dans ses métadonnées ni ses tableaux;;;;;;;
no-finnsnes-skiklubb;Finnsnes Skiklubb;Norvège;Troms og Finnmark;;1;0;112;335;69.24418;18.03396;;;photo et forfait;aucun site web connu (OpenSkiMap n'en publie pas);;;;;;;
no-finse-skisenter;Finse Skisenter;Norvège;Vestland;;1;0;1233;1433;60.60583;7.51022;http://www.finseskisenter.no/;;forfait;site visité, rien d'exploitable dans ses métadonnées ni ses tableaux;;;;;;;
no-fjellsyn-skisenter;Fjellsyn Skisenter;Norvège;Innlandet;;1;0;748;843;62.17389;9.79031;;;photo;aucun site web connu (OpenSkiMap n'en publie pas);;;;;;;
no-flugonfjell-skisenter;Flugonfjell skisenter;Norvège;Vestfold og Telemark;;1;0.5;793;898;59.74688;8.86676;;;photo et forfait;aucun site web connu (OpenSkiMap n'en publie pas);;;;;;;
no-frei-alpinsenter;Frei alpinsenter;Norvège;Møre and Romsdal;;1;0;103;277;63.04732;7.77493;;;photo et forfait;aucun site web connu (OpenSkiMap n'en publie pas);;;;;;;
no-furutangen-skisenter;Furutangen skisenter;Norvège;Innlandet;;1;0;543;661;61.37147;11.80284;https://furutangen.no/;;photo et forfait;site visité, rien d'exploitable dans ses métadonnées ni ses tableaux;;;;;;;
no-gamlest-len;Gamlestølen;Norvège;Innlandet;;2;0;872;975;61.03258;9.69070;;;photo et forfait;aucun site web connu (OpenSkiMap n'en publie pas);;;;;;;
no-grakallparken;Gråkallparken;Norvège;Trøndelag;;1;0;389;436;63.42066;10.27091;;;photo et forfait;aucun site web connu (OpenSkiMap n'en publie pas);;;;;;;
no-h-gas-alpinsenter;Høgås alpinsenter;Norvège;Vestfold og Telemark;;2;0;100;235;59.51436;10.22825;;;photo et forfait;aucun site web connu (OpenSkiMap n'en publie pas);;;;;;;
no-hammerfest;Hammerfest;Norvège;Troms og Finnmark;;2;0;140;300;70.69318;23.68643;https://www.hammerfest-alpinklubb.no/;;photo et forfait;site injoignable (500);;;;;;;
no-haugsasen-granvin-alpin;Haugsåsen (Granvin Alpin);Norvège;Vestland;;0;0;;;60.54678;6.74938;;;photo et forfait;aucun site web connu (OpenSkiMap n'en publie pas);;;;;;;
no-heggesasen-alpinbakke;Heggesåsen Alpinbakke;Norvège;Trøndelag;;0;0;;;64.03014;11.49710;;;photo et forfait;aucun site web connu (OpenSkiMap n'en publie pas);;;;;;;
no-holmenkollen-nasjonalanlegg-holmenkollen-national-ski-arena;Holmenkollen nasjonalanlegg, Holmenkollen National Ski Arena;Norvège;Oslo;Oslo;3;0;316;359;59.96520;10.67139;http://www.holmenkollen.oslo.kommune.no/;;photo et forfait;site injoignable (pas de réponse);;;;;;;
no-holtanlia;Holtanlia;Norvège;Nordland;;1;0;52;388;67.29228;15.47901;;;photo;aucun site web connu (OpenSkiMap n'en publie pas);;;;;;;
no-hovdebakken;Hovdebakken;Norvège;Innlandet;Gjovik;1;0;171;257;60.79574;10.67456;;;photo et forfait;aucun site web connu (OpenSkiMap n'en publie pas);;;;;;;
no-hurdal-skisenter;Hurdal Skisenter;Norvège;Viken;;1;1.4;320;523;60.46360;11.07247;;;photo et forfait;aucun site web connu (OpenSkiMap n'en publie pas);;;;;;;
no-hurdal-skisenter-604637m110700;Hurdal Skisenter;Norvège;Viken;;4;3.6;302;523;60.46372;11.06999;https://skihurdal.no/;https://www.skihurdal.no/linje-1/heiskort/;forfait;site visité, rien d'exploitable dans ses métadonnées ni ses tableaux;;;;;;;
no-ingierkollen;Ingierkollen;Norvège;Viken;Kolbotn;2;0;42;145;59.80314;10.79050;https://sites.google.com/site/ingierkollenslalom/home;;photo;site refusé (robots.txt ou 429);;;;;;;
no-j-lster-skisenter;Jølster Skisenter;Norvège;Vestland;;4;5.2;243;759;61.47366;6.09085;https://www.jolsterskisenter.no/;;photo;site refusé (robots.txt ou 429);;;;;;;
no-jerikobakken;Jerikobakken;Norvège;Oslo;Oslo;1;0.2;160;194;59.93225;10.88682;http://www.jerikobakken.no/;;photo;site injoignable (400);;;;;;;
no-kjemsasen;Kjemsasen;Norvège;Nordland;;1;0;285;501;65.84229;13.35253;;;photo et forfait;aucun site web connu (OpenSkiMap n'en publie pas);;;;;;;
no-kjerringasen;Kjerringåsen;Norvège;Viken;;2;0;83;209;59.38867;11.09378;https://kjerringaasen.no/;;photo;site refusé (robots.txt ou 429);;;;;;;
no-knyken-skisenter;Knyken Skisenter;Norvège;Trøndelag;;2;0;245;383;63.26232;9.73969;https://www.orkdal-il.no/knyken-skisenter/knyken/;https://www.orkdal-il.no/knyken-skisenter/apningstider-og-priser/;forfait;site visité, rien d'exploitable dans ses métadonnées ni ses tableaux;;;;;;;
no-kvitfjell;Kvitfjell;Norvège;Innlandet;Vingrom;14;36.5;184;1038;61.27579;9.90486;https://www.kvitfjell.no/;;photo et forfait;site refusé (robots.txt ou 429);;;;;;;
no-liabakken;Liabakken;Norvège;Oslo;Oslo;1;0;197;233;59.96564;10.93343;https://hsilalpint.wordpress.com/liabakken/;https://hsilalpint.wordpress.com/2014/12/31/heiskortpriser-og-apningstider-i-liabakken-2014-2015/;photo et forfait;site visité, rien d'exploitable dans ses métadonnées ni ses tableaux;;;;;;;
no-lierberget;Lierberget;Norvège;Innlandet;;1;0;280;375;60.87557;11.11949;https://www.vangski.no/alpint/lierberget/;;photo et forfait;site visité, rien d'exploitable dans ses métadonnées ni ses tableaux;;;;;;;
no-lierne-skisenter;Lierne skisenter;Norvège;Trøndelag;;1;0;446;585;64.44931;13.72420;;;photo;aucun site web connu (OpenSkiMap n'en publie pas);;;;;;;
no-lilleasen-skitrekk;Lilleåsen skitrekk;Norvège;Møre and Romsdal;;1;0;551;713;62.25356;7.19853;;;photo et forfait;aucun site web connu (OpenSkiMap n'en publie pas);;;;;;;
no-lillomarka-arena;Lillomarka Arena;Norvège;Viken;Asker;0;0;10;992;60.38683;10.57536;;;photo et forfait;aucun site web connu (OpenSkiMap n'en publie pas);;;;;;;
no-lofoten;Lofoten;Norvège;Nordland;;0;0;26;324;68.13539;13.80740;https://alpinlofoten.no/;https://alpinlofoten.no/priser/;forfait;site visité, rien d'exploitable dans ses métadonnées ni ses tableaux;;;;;;;
no-m-svatn-skisenter;Møsvatn skisenter;Norvège;Vestfold og Telemark;;1;0;932;1063;59.80788;8.29347;;;photo et forfait;aucun site web connu (OpenSkiMap n'en publie pas);;;;;;;
no-marikollen-skisenter;Marikollen skisenter;Norvège;Viken;;2;0;198;342;59.92234;11.05021;https://marikollen.no/;;forfait;site visité, rien d'exploitable dans ses métadonnées ni ses tableaux;;;;;;;
no-morgedal;Morgedal;Norvège;Vestfold og Telemark;;1;0.4;440;519;59.47685;8.42351;;;photo et forfait;aucun site web connu (OpenSkiMap n'en publie pas);;;;;;;
no-narvikfjellet-ski-resort;Narvikfjellet Ski Resort;Norvège;Nordland;Narvik;6;12.7;125;1002;68.42881;17.46342;;;photo et forfait;aucun site web connu (OpenSkiMap n'en publie pas);;;;;;;
no-nerskogen-skisenter;Nerskogen skisenter;Norvège;Trøndelag;;2;4.1;714;1060;62.76723;9.62191;;;photo;aucun site web connu (OpenSkiMap n'en publie pas);;;;;;;
no-nesfjellet-alpinsenter;Nesfjellet Alpinsenter;Norvège;Viken;Aal;8;14.6;735;1093;60.36830;8.94434;https://www.nesfjelletalpin.no/;;photo;site visité, rien d'exploitable dans ses métadonnées ni ses tableaux;;;;;;;
no-nylendlia-skianlegg;Nylendlia skianlegg;Norvège;Viken;Holt Vestvollen;1;0;110;173;59.98198;11.01889;https://www.facebook.com/Nylendlia;;photo et forfait;site injoignable (400);;;;;;;
no-prestlia;Prestlia;Norvège;Trøndelag;Straumen;1;0;26;71;63.88016;11.28220;https://www.prestlia.com/;;photo et forfait;site refusé (robots.txt ou 429);;;;;;;
no-rambydalen;Rambydalen;Norvège;Viken;;1;0;184;255;60.11672;11.20377;https://www.facebook.com/Rambydalen/;;photo et forfait;site injoignable (400);;;;;;;
no-rauland-skisenter;Rauland skisenter;Norvège;Vestfold og Telemark;;0;5.1;882;1123;59.71907;8.15474;;;photo et forfait;aucun site web connu (OpenSkiMap n'en publie pas);;;;;;;
no-rauland-skisenter-597260m81467;Rauland skisenter;Norvège;Vestfold og Telemark;;11;10.8;821;1123;59.72604;8.14674;https://visitrauland.com/rauland-skisenter/;https://visitrauland.com/rauland-skisenter/aapningstider-og-priser/;forfait;site visité, rien d'exploitable dans ses métadonnées ni ses tableaux;;;;;;;
no-raulandsfjell-alpinsenter;Raulandsfjell alpinsenter;Norvège;Vestfold og Telemark;;3;2.6;702;1038;59.72316;7.99600;http://www.raulandsfjell.no/;;photo;site visité, rien d'exploitable dans ses métadonnées ni ses tableaux;;;;;;;
no-renafjellet-alpinsenter;Renåfjellet alpinsenter;Norvège;Innlandet;;1;0;638;857;61.71186;11.30084;;;photo;aucun site web connu (OpenSkiMap n'en publie pas);;;;;;;
no-ringerudsetra-skitrekk;Ringerudsetra skitrekk;Norvège;Viken;;1;0;710;757;60.40073;9.99885;https://ringerud.no/;;forfait;site visité, rien d'exploitable dans ses métadonnées ni ses tableaux;;;;;;;
no-ringkollen-alpinbakke;Ringkollen alpinbakke;Norvège;Viken;;2;0;520;607;60.16493;10.38557;;;photo;aucun site web connu (OpenSkiMap n'en publie pas);;;;;;;
no-rondane-skianlegg;Rondane Skianlegg;Norvège;Innlandet;;1;1.1;879;1020;61.80443;9.67912;;;photo et forfait;aucun site web connu (OpenSkiMap n'en publie pas);;;;;;;
no-rsta-skisenter;Ørsta skisenter;Norvège;Møre and Romsdal;;4;9.5;320;854;62.16111;6.27898;https://www.orstaskisenter.no/;;photo;site visité, rien d'exploitable dans ses métadonnées ni ses tableaux;;;;;;;
no-sandnes;Sandnes;Norvège;Troms og Finnmark;;1;0;2;125;69.67355;29.93363;https://www.sandnesil.no/;;photo;site visité, rien d'exploitable dans ses métadonnées ni ses tableaux;;;;;;;
no-sarves-alta;Sarves Alta;Norvège;Troms og Finnmark;;1;6.2;64;269;70.03902;23.53585;;;photo;aucun site web connu (OpenSkiMap n'en publie pas);;;;;;;
no-saslia-alpinanlegg;Såslia alpinanlegg;Norvège;Trøndelag;;1;0;188;296;63.28204;11.05369;;;photo et forfait;aucun site web connu (OpenSkiMap n'en publie pas);;;;;;;
no-savalan-skisenter;Savalan skisenter;Norvège;Innlandet;;5;0;735;933;62.31570;10.52741;;;photo;aucun site web connu (OpenSkiMap n'en publie pas);;;;;;;
no-siljan-skisenter;Siljan skisenter;Norvège;Vestfold og Telemark;;1;0;203;215;59.28182;9.67511;;;photo et forfait;aucun site web connu (OpenSkiMap n'en publie pas);;;;;;;
no-sjusj-en-skisenter;Sjusjøen Skisenter;Norvège;Innlandet;Elverum;4;4.5;737;950;61.25652;10.77039;;;photo et forfait;aucun site web connu (OpenSkiMap n'en publie pas);;;;;;;
no-skaidi;Skaidi;Norvège;Troms og Finnmark;;2;4.1;60;290;70.45173;24.40039;;;photo et forfait;aucun site web connu (OpenSkiMap n'en publie pas);;;;;;;
no-skarmoen-alpinpark-bod;Skarmoen Alpinpark Bodø;Norvège;Nordland;;1;0;109;179;67.32609;14.56008;;;photo;aucun site web connu (OpenSkiMap n'en publie pas);;;;;;;
no-skeikampen-alpinsenter;Skeikampen Alpinsenter;Norvège;Innlandet;;5;15;783;1109;61.35056;10.07538;https://skeikampen.no/;;forfait;site visité, rien d'exploitable dans ses métadonnées ni ses tableaux;;;;;;;
no-ski-geilo;Ski Geilo;Norvège;Viken;Geilo;20;34.9;778;1163;60.64561;8.29896;https://www.skigeilo.no/;;photo et forfait;site refusé (robots.txt ou 429);;;;;;;
no-skillevollen;Skillevollen;Norvège;Nordland;Mo i Rana;4;0;45;302;66.33540;14.08262;https://skillevollen.no/;;photo et forfait;site visité, rien d'exploitable dans ses métadonnées ni ses tableaux;;;;;;;
no-sloreasen-alpinbakke;Sloreasen Alpinbakke;Norvège;Oslo;Oslo;2;0;25;90;59.84638;10.79360;https://www.ljanalpin.no/;;photo;site refusé (robots.txt ou 429);;;;;;;
no-sogn-skisenter;Sogn skisenter;Norvège;Vestland;;4;12.9;322;990;61.33887;7.20306;https://www.sognskisenter.no/;;photo;site refusé (robots.txt ou 429);;;;;;;
no-sogndal-skisenter;Sogndal skisenter;Norvège;Vestland;;5;12.2;486;938;61.29577;6.97112;https://www.sogndalskisenter.no/;;photo;site refusé (robots.txt ou 429);;;;;;;
no-spjelkavikheisa;Spjelkavikheisa;Norvège;Møre and Romsdal;Aalesund;0;0;;;62.45654;6.38226;;;photo et forfait;aucun site web connu (OpenSkiMap n'en publie pas);;;;;;;
no-stavadalen-skisenter;Stavadalen skisenter;Norvège;Innlandet;;2;0;744;1027;60.84171;9.39788;;;photo;aucun site web connu (OpenSkiMap n'en publie pas);;;;;;;
no-steigalia-skitrekk;Steigalia skitrekk;Norvège;Trøndelag;;0;0;;;63.09679;9.68878;;;photo et forfait;aucun site web connu (OpenSkiMap n'en publie pas);;;;;;;
no-steilia;Steilia;Norvège;Troms og Finnmark;;0;0;;;68.85295;18.40040;;;photo et forfait;aucun site web connu (OpenSkiMap n'en publie pas);;;;;;;
no-stokkan-alpinbakke;Stokkan Alpinbakke;Norvège;Trøndelag;;2;0;195;273;63.39940;10.50245;https://stokkanbakken.no/;;photo et forfait;site refusé (robots.txt ou 429);;;;;;;
no-stordalen-skisenter;Stordalen skisenter;Norvège;Vestland;;2;0;496;640;60.94971;5.68007;http://www.stordalenskisenter.no;http://www.stordalenskisenter.no/prices/;photo et forfait;site visité, rien d'exploitable dans ses métadonnées ni ses tableaux;;;;;;;
no-storeskar-skisenter;Storeskar skisenter;Norvège;Vestfold og Telemark;Notodden;2;0;92;313;59.57648;9.25131;;;photo et forfait;aucun site web connu (OpenSkiMap n'en publie pas);;;;;;;
no-sulitjelma-fjellandsby;Sulitjelma Fjellandsby;Norvège;Nordland;;1;0;388;542;67.08730;16.07025;https://sulitjelma-fjellandsby.no/;;photo;site refusé (robots.txt ou 429);;;;;;;
no-sunndal-alpinsenter;Sunndal alpinsenter;Norvège;Møre and Romsdal;;1;5.1;211;525;62.77884;8.55383;;;photo et forfait;aucun site web connu (OpenSkiMap n'en publie pas);;;;;;;
no-sunnfjord-skisenter;Sunnfjord skisenter;Norvège;Vestland;;3;0;344;595;61.47163;5.73912;;;photo;aucun site web connu (OpenSkiMap n'en publie pas);;;;;;;
no-torsbustaden-alpinsenter;Torsbustaden alpinsenter;Norvège;Trøndelag;;2;1.9;224;397;63.68312;11.30803;;;photo;aucun site web connu (OpenSkiMap n'en publie pas);;;;;;;
no-troms-alpinpark;Tromsø Alpinpark;Norvège;Troms og Finnmark;Tromso;3;5.5;45;498;69.67055;19.07527;https://tromsoalpinpark.no/en/;;photo et forfait;site refusé (robots.txt ou 429);;;;;;;
no-troms-alpinpark-696751m190694;Tromsø Alpinpark;Norvège;Troms og Finnmark;Tromso;0;0;;;69.67506;19.06939;https://www.skiresort.info/ski-resort/tromsoe/;;photo et forfait;site refusé (robots.txt ou 429);;;;;;;
no-tveit-skisenter;Tveit skisenter;Norvège;Agder;;1;0.4;9;83;58.20426;8.10522;https://www.tveitskisenter.no/;https://www.tveitskisenter.no/priser.html;forfait;site visité, rien d'exploitable dans ses métadonnées ni ses tableaux;;;;;;;
no-vaset;Vaset;Norvège;Innlandet;;2;4.3;860;1047;60.98272;8.96573;https://www.vasetskiheiser.no/;;photo;site refusé (robots.txt ou 429);;;;;;;
no-vestvatnlia-alpinanlegg;Vestvatnlia alpinanlegg;Norvège;Nordland;;1;5.3;176;486;67.07562;14.95925;https://vestvatn.no/;;photo;site refusé (robots.txt ou 429);;;;;;;
no-vierli;Vierli;Norvège;Vestfold og Telemark;;5;5.3;929;1116;59.74387;8.17735;;;photo et forfait;aucun site web connu (OpenSkiMap n'en publie pas);;;;;;;
no-vinterlandet-namsskogan;Vinterlandet Namsskogan;Norvège;Trøndelag;;1;0.4;142;182;64.74854;12.85949;;;photo et forfait;aucun site web connu (OpenSkiMap n'en publie pas);;;;;;;
no-vintervasskleiva;Vintervasskleiva;Norvège;Trøndelag;;1;0;390;538;63.41751;10.25366;;;photo;aucun site web connu (OpenSkiMap n'en publie pas);;;;;;;
pl-amalka;Amalka;Pologne;Pomorskie;;3;0;169;204;54.27287;17.81304;;;forfait;aucun site web connu (OpenSkiMap n'en publie pas);;;;;;;
pl-ameliowka;Ameliówka;Pologne;Świętokrzyskie Voivodship;;0;0;;;50.90203;20.78923;;;photo et forfait;aucun site web connu (OpenSkiMap n'en publie pas);;;;;;;
pl-ar-amow;Arłamów;Pologne;Podkarpackie;Ustrzyki Dolne Obszar Wiejski;2;1.2;504;588;49.58950;22.62529;;;photo;aucun site web connu (OpenSkiMap n'en publie pas);;;;;;;
pl-arena-narciarska-jaworki-homole;Arena narciarska Jaworki Homole;Pologne;Lesser Poland Voivodeship;Szczawnica Obszar Wiejski;2;0;596;711;49.40109;20.55721;;;photo;aucun site web connu (OpenSkiMap n'en publie pas);;;;;;;
pl-art-ski;Art-Ski;Pologne;dolnoslaskie;Stronie Śląskie Obszar Wiejski;2;0.3;702;770;50.27320;17.00306;;;photo;aucun site web connu (OpenSkiMap n'en publie pas);;;;;;;
pl-baba-jaga;Baba Jaga;Pologne;Świętokrzyskie Voivodship;Bodzentyn;3;0;306;389;50.93364;20.93761;;;photo et forfait;aucun site web connu (OpenSkiMap n'en publie pas);;;;;;;
pl-babica;Babica;Pologne;Podkarpackie;Babica;1;0;234;306;49.92938;21.89488;;;photo et forfait;aucun site web connu (OpenSkiMap n'en publie pas);;;;;;;
pl-bakcy-na-goruszce;Bakcy Na Goruszce;Pologne;Silesian Voivodeship;Jaworze;0;0;;;49.79549;18.94044;;;photo et forfait;aucun site web connu (OpenSkiMap n'en publie pas);;;;;;;
pl-batorz;Batorz;Pologne;Lubelskie;;2;0;238;301;50.85342;22.49723;;;photo et forfait;aucun site web connu (OpenSkiMap n'en publie pas);;;;;;;
pl-bialy-potok;Bialy Potok;Pologne;Lesser Poland Voivodeship;;0;0;;;49.27947;19.85694;;;forfait;aucun site web connu (OpenSkiMap n'en publie pas);;;;;;;
pl-bielawa;Bielawa;Pologne;dolnoslaskie;Bielawa;1;0;336;362;50.67677;16.61761;;;photo et forfait;aucun site web connu (OpenSkiMap n'en publie pas);;;;;;;
pl-borowice;Borowice;Pologne;dolnoslaskie;;0;0;;;50.78853;15.69873;;;photo et forfait;aucun site web connu (OpenSkiMap n'en publie pas);;;;;;;
pl-budzowski-wierch;Budzowski Wierch;Pologne;Lesser Poland Voivodeship;;0;0;;;49.28536;19.91862;;;forfait;aucun site web connu (OpenSkiMap n'en publie pas);;;;;;;
pl-celejow;Celejów;Pologne;Lubelskie;;0;0;;;51.33251;22.08147;;;photo et forfait;aucun site web connu (OpenSkiMap n'en publie pas);;;;;;;
pl-che-mowa-gora;Chełmowa Góra;Pologne;Lubelskie;Krasnobród;0;0;;;50.53735;23.22266;;;photo et forfait;aucun site web connu (OpenSkiMap n'en publie pas);;;;;;;
pl-chyrowa;Chyrowa;Pologne;Podkarpackie;Gmina Dukla;2;0;472;652;49.53261;21.60891;;;forfait;aucun site web connu (OpenSkiMap n'en publie pas);;;;;;;
pl-cieniawa;Cieniawa;Pologne;Lesser Poland Voivodeship;;2;0.4;438;546;49.62087;20.82600;;;photo;aucun site web connu (OpenSkiMap n'en publie pas);;;;;;;
pl-cisowa-stacja-narciarska;CISOWA - stacja narciarska;Pologne;Silesian Voivodeship;Pilica Obszar Wiejski;2;0.8;347;420;50.45221;19.72668;http://www.cisowa.pl/;http://www.cisowa.pl/cennik;forfait;site visité, rien d'exploitable dans ses métadonnées ni ses tableaux;;;;;;;
pl-cos-opo-zakopane;COS OPO Zakopane;Pologne;Lesser Poland Voivodeship;Zakopane;2;0;905;948;49.28041;19.96131;;;photo et forfait;aucun site web connu (OpenSkiMap n'en publie pas);;;;;;;
pl-czarnorzeki;Czarnorzeki;Pologne;Podkarpackie;;1;0;428;497;49.74199;21.83321;;;photo et forfait;aucun site web connu (OpenSkiMap n'en publie pas);;;;;;;
pl-czarny-gron;Czarny Groń;Pologne;Lesser Poland Voivodeship;Andrychów Obszar Wiejski;0;0;;;49.78856;19.37561;;;photo et forfait;aucun site web connu (OpenSkiMap n'en publie pas);;;;;;;
pl-czerwony-szlak;Czerwony szlak;Pologne;Podkarpackie;Ustrzyki Dolne;1;0;498;527;49.43485;22.56667;;;photo et forfait;aucun site web connu (OpenSkiMap n'en publie pas);;;;;;;
pl-d-uga-polana;Długa Polana;Pologne;Lesser Poland Voivodeship;Nowy Targ;2;1.6;683;773;49.50214;20.06676;;;photo et forfait;aucun site web connu (OpenSkiMap n'en publie pas);;;;;;;
pl-dabrowka;Dąbrówka;Pologne;Podlaskie;Suwałki;1;0;144;182;54.10738;22.97398;;;photo et forfait;aucun site web connu (OpenSkiMap n'en publie pas);;;;;;;
pl-dzikowiec;Dzikowiec;Pologne;dolnoslaskie;Boguszów-Gorce;3;1;590;811;50.72242;16.21489;;;photo;aucun site web connu (OpenSkiMap n'en publie pas);;;;;;;
pl-family-park-dimbo;Family Park DIMBO;Pologne;Lesser Poland Voivodeship;Krynica-Zdrój;5;0;588;619;49.40536;20.93206;https://www.dimbo.pl/;;forfait;site visité, rien d'exploitable dans ses métadonnées ni ses tableaux;;;;;;;
pl-globus-ski;Globus Ski;Pologne;Lubelskie;Lublin;0;0.2;194;216;51.23775;22.53314;;;photo et forfait;aucun site web connu (OpenSkiMap n'en publie pas);;;;;;;
pl-go-ebiewski;Gołębiewski;Pologne;Warmian-Masurian Voivodeship;Mikołajki Obszar Wiejski;0;0;;;53.81244;21.56014;;;photo et forfait;aucun site web connu (OpenSkiMap n'en publie pas);;;;;;;
pl-gora-czterech-wiatrow-g4w;Góra Czterech Wiatrów G4W;Pologne;Warmian-Masurian Voivodeship;Mrągowo Obszar Wiejski;2;0.5;130;177;53.85721;21.32860;https://g4w.pl/;;forfait;site visité, rien d'exploitable dans ses métadonnées ni ses tableaux;;;;;;;
pl-gora-parkowa;Góra Parkowa;Pologne;Lesser Poland Voivodeship;Krynica-Zdrój;5;0;591;736;49.41699;20.96375;;;forfait;aucun site web connu (OpenSkiMap n'en publie pas);;;;;;;
pl-gorka-srodulska;Górka Środulska;Pologne;Silesian Voivodeship;Sosnowiec;3;0.4;271;320;50.29158;19.16741;https://stoksrodula.pl/;;photo et forfait;site visité, rien d'exploitable dans ses métadonnées ni ses tableaux;;;;;;;
pl-guba-owka;Gubałówka;Pologne;Lesser Poland Voivodeship;Zakopane;6;0.6;1045;1111;49.30416;19.93907;;;photo et forfait;aucun site web connu (OpenSkiMap n'en publie pas);;;;;;;
pl-guba-owka-534859m145231;Gubałówka;Pologne;Zachodniopomorskie;Szczecin;1;0.5;85;112;53.48591;14.52311;;;photo et forfait;aucun site web connu (OpenSkiMap n'en publie pas);;;;;;;
pl-hajduk;Hajduk;Pologne;Lesser Poland Voivodeship;;0;0;;;49.30888;20.02981;;;photo;aucun site web connu (OpenSkiMap n'en publie pas);;;;;;;
pl-henryk-ski;Henryk Ski;Pologne;Lesser Poland Voivodeship;Krynica-Zdrój;4;2;600;811;49.42107;20.94822;https://henryk.ski;;photo;site visité, rien d'exploitable dans ses métadonnées ni ses tableaux;;;;;;;
pl-jastrzebia;Jastrzębia;Pologne;Lesser Poland Voivodeship;Ciężkowice Obszar Wiejski;1;0.4;282;373;49.78287;20.88798;;;photo et forfait;aucun site web connu (OpenSkiMap n'en publie pas);;;;;;;
pl-jugow-park;Jugow Park;Pologne;dolnoslaskie;Gmina Nowa Ruda;2;1.4;689;893;50.65023;16.52558;;;photo;aucun site web connu (OpenSkiMap n'en publie pas);;;;;;;
pl-jurasowka;Jurasówka;Pologne;Lesser Poland Voivodeship;;2;0.8;390;451;49.87279;20.89951;;;photo;aucun site web connu (OpenSkiMap n'en publie pas);;;;;;;
pl-karpatka-panorama;Karpatka Panorama;Pologne;dolnoslaskie;Karpacz;5;0;596;681;50.78043;15.75100;;;photo;aucun site web connu (OpenSkiMap n'en publie pas);;;;;;;
pl-kasprowy-wierch;Kasprowy Wierch;Pologne;Lesser Poland Voivodeship;Zakopane;5;10;1039;1958;49.25005;19.97947;https://www.pkl.pl/kasprowy-wierch/kasprowy.html;https://www.pkl.pl/kasprowy-wierch/skipass-sezonowy.html;forfait;site visité, rien d'exploitable dans ses métadonnées ni ses tableaux;;;;;;;
pl-kocierz;Kocierz;Pologne;Lesser Poland Voivodeship;Andrychów Obszar Wiejski;1;0.5;643;732;49.78090;19.31742;;;photo;aucun site web connu (OpenSkiMap n'en publie pas);;;;;;;
pl-kokuszka;Kokuszka;Pologne;Lesser Poland Voivodeship;Piwniczna-Zdrój Wieś;1;0.5;414;557;49.45703;20.71037;;;photo;aucun site web connu (OpenSkiMap n'en publie pas);;;;;;;
pl-kolorowa;Kolorowa;Pologne;dolnoslaskie;Karpacz;1;0;659;700;50.77087;15.74975;;;photo et forfait;aucun site web connu (OpenSkiMap n'en publie pas);;;;;;;
pl-komancza;Komańcza;Pologne;Podkarpackie;;1;0;480;560;49.33293;22.07638;;;photo et forfait;aucun site web connu (OpenSkiMap n'en publie pas);;;;;;;
pl-kompleks-narciarski-bia-y-krzyz;Kompleks Narciarski Biały Krzyż;Pologne;Silesian Voivodeship;;2;0.5;893;929;49.66629;18.96139;https://bialykrzyz.com.pl/;https://bialykrzyz.com.pl/cennik/;forfait;site visité, rien d'exploitable dans ses métadonnées ni ses tableaux;;;;;;;
pl-kompleks-narciarski-kopa-w-karpaczu;Kompleks Narciarski Kopa w Karpaczu;Pologne;dolnoslaskie;Karpacz;0;0;;;50.74771;15.72730;https://karpaczskiarena.pl;https://karpaczskiarena.pl/lato/cennik/;forfait;site visité, rien d'exploitable dans ses métadonnées ni ses tableaux;;;;;;;
pl-kompleks-pilsko-jontek;Kompleks Pilsko-Jontek;Pologne;Silesian Voivodeship;;10;10.7;717;1433;49.54816;19.33136;https://pilsko.org/;;forfait;site visité, rien d'exploitable dans ses métadonnées ni ses tableaux;;;;;;;
pl-kosza-kowo;Koszałkowo;Pologne;Pomorskie;;13;1;180;244;54.23137;18.10148;;;forfait;aucun site web connu (OpenSkiMap n'en publie pas);;;;;;;
pl-krzyzowa-gora;Krzyżowa Góra;Pologne;Warmian-Masurian Voivodeship;Lidzbark Warmiński;0;0;;;54.11883;20.56565;;;photo;aucun site web connu (OpenSkiMap n'en publie pas);;;;;;;
pl-kudowa-zdroj;Kudowa Zdrój;Pologne;dolnoslaskie;Kudowa-Zdrój;2;0;462;502;50.45556;16.25932;;;photo et forfait;aucun site web connu (OpenSkiMap n'en publie pas);;;;;;;
pl-lipki;Lipki;Pologne;Lesser Poland Voivodeship;Zakopane;2;0.3;834;850;49.29152;19.94431;;;forfait;aucun site web connu (OpenSkiMap n'en publie pas);;;;;;;
pl-lubinka;Lubinka;Pologne;Lesser Poland Voivodeship;;0;0;;;49.89944;20.88852;;;photo et forfait;aucun site web connu (OpenSkiMap n'en publie pas);;;;;;;
pl-lubomierz;Lubomierz;Pologne;Lesser Poland Voivodeship;Gmina Mszana Dolna;1;0.6;819;834;49.59218;20.21654;;;photo et forfait;aucun site web connu (OpenSkiMap n'en publie pas);;;;;;;
pl-ma-ego-krola;Małego Króla;Pologne;Podkarpackie;Ustrzyki Dolne;0;0;;;49.43543;22.56746;;;photo et forfait;aucun site web connu (OpenSkiMap n'en publie pas);;;;;;;
pl-malta-ski;Malta Ski;Pologne;Greater Poland;Poznan;3;0.6;61;94;52.39928;16.97939;;;photo et forfait;aucun site web connu (OpenSkiMap n'en publie pas);;;;;;;
pl-mareszka;Mareszka;Pologne;Podkarpackie;;1;1.3;449;528;49.53904;21.41522;;;photo et forfait;aucun site web connu (OpenSkiMap n'en publie pas);;;;;;;
pl-mazurski;Mazurski;Pologne;Warmian-Masurian Voivodeship;;2;0;149;181;53.88981;21.98639;;;photo;aucun site web connu (OpenSkiMap n'en publie pas);;;;;;;
pl-murzasichle;Murzasichle;Pologne;Lesser Poland Voivodeship;;6;0.3;848;888;49.31135;20.03624;;;forfait;aucun site web connu (OpenSkiMap n'en publie pas);;;;;;;
pl-myslecinek;Myślęcinek;Pologne;Kujawsko-pomorskie;Bydgoszcz;2;0.4;71;97;53.16887;18.03388;;;photo et forfait;aucun site web connu (OpenSkiMap n'en publie pas);;;;;;;
pl-na-stoku;Na Stoku;Pologne;dolnoslaskie;Głuszyca;2;0.9;608;731;50.67612;16.44289;;;photo;aucun site web connu (OpenSkiMap n'en publie pas);;;;;;;
pl-nowa-morawa;Nowa Morawa;Pologne;dolnoslaskie;Stronie Śląskie Obszar Wiejski;0;0.4;630;715;50.24055;16.89914;;;photo;aucun site web connu (OpenSkiMap n'en publie pas);;;;;;;
pl-nowy-giera-tow;Nowy Gierałtów;Pologne;dolnoslaskie;Stronie Śląskie Obszar Wiejski;1;0.4;634;718;50.29775;16.96831;;;photo et forfait;aucun site web connu (OpenSkiMap n'en publie pas);;;;;;;
pl-oaza-ski;Oaza-Ski;Pologne;Podkarpackie;Strzyżów;4;0;243;352;49.87944;21.77818;;;photo et forfait;aucun site web connu (OpenSkiMap n'en publie pas);;;;;;;
pl-obidowa;Obidowa;Pologne;Lesser Poland Voivodeship;Nowy Targ Obszar Wiejski;1;0.5;731;802;49.53650;20.00778;;;photo et forfait;aucun site web connu (OpenSkiMap n'en publie pas);;;;;;;
pl-ochodzitaski;Ochodzitaski;Pologne;Silesian Voivodeship;;1;0;748;891;49.54636;18.95224;;;photo et forfait;aucun site web connu (OpenSkiMap n'en publie pas);;;;;;;
pl-okragla-gorka;Okrągla Górka;Pologne;Lesser Poland Voivodeship;;3;0.5;570;644;49.52166;20.93204;;;photo et forfait;aucun site web connu (OpenSkiMap n'en publie pas);;;;;;;
pl-orawka;Orawka;Pologne;Lesser Poland Voivodeship;;2;0;675;742;49.51507;19.73101;;;photo et forfait;aucun site web connu (OpenSkiMap n'en publie pas);;;;;;;
pl-osmelakowa-dolina;Osmelakowa Dolina;Pologne;dolnoslaskie;Bystrzyca Kłodzka Obszar Wiejski;1;0.3;740;796;50.27974;16.53592;;;photo;aucun site web connu (OpenSkiMap n'en publie pas);;;;;;;
pl-osrodek-bystre;Osrodek Bystre;Pologne;Podkarpackie;;1;0.8;484;706;49.31288;22.26846;;;photo;aucun site web connu (OpenSkiMap n'en publie pas);;;;;;;
pl-osrodek-narciarski-kotelnica-bia-czanska-kotelnica-bia-czanska-ski-resort;Ośrodek Narciarski Kotelnica Białczańska, Kotelnica Białczańska Ski Resort;Pologne;Lesser Poland Voivodeship;;22;17.5;705;942;49.37721;20.09199;https://bialkatatrzanska.pl;;forfait;site visité, rien d'exploitable dans ses métadonnées ni ses tableaux;;;;;;;
pl-osrodek-narciarski-nart-sport;"Ośrodek Narciarski ""Nart-Sport""";Pologne;Lubelskie;;6;0.8;154;196;51.30539;22.08757;https://www.nartsport.pl/;;photo et forfait;site refusé (robots.txt ou 429);;;;;;;
pl-osrodek-narciarski-nartraj;"Ośrodek Narciarski ""NartRaj""";Pologne;Lubelskie;Chełm;2;0;222;239;51.14805;23.42233;;;photo et forfait;aucun site web connu (OpenSkiMap n'en publie pas);;;;;;;
pl-osrodek-narciarski-trzepowo;Ośrodek Narciarski Trzepowo;Pologne;Pomorskie;;5;1.1;190;222;54.18054;18.27483;;;photo et forfait;aucun site web connu (OpenSkiMap n'en publie pas);;;;;;;
pl-osrodek-narciarski-za-groniem;Ośrodek narciarski „Za Groniem”;Pologne;Silesian Voivodeship;;1;0.4;557;642;49.59704;19.08067;https://zagroniem.pl/;;forfait;site visité, rien d'exploitable dans ses métadonnées ni ses tableaux;;;;;;;
pl-parchatka;Parchatka;Pologne;Lubelskie;Kazimierz Dolny Obszar Wiejski;3;0;137;186;51.38048;21.99933;;;photo et forfait;aucun site web connu (OpenSkiMap n'en publie pas);;;;;;;
pl-parda-owka-ugory;Pardałówka Ugory;Pologne;Lesser Poland Voivodeship;Zakopane;1;0;855;896;49.30227;19.98412;;;photo et forfait;aucun site web connu (OpenSkiMap n'en publie pas);;;;;;;
pl-park-szczesliwice;Park Szczęśliwice;Pologne;Mazowieckie;Warsaw;2;0.2;110;152;52.20512;20.95691;;;photo et forfait;aucun site web connu (OpenSkiMap n'en publie pas);;;;;;;
pl-partecznik;Partecznik;Pologne;Silesian Voivodeship;Wisła;2;0.6;458;559;49.65412;18.87431;;;photo;aucun site web connu (OpenSkiMap n'en publie pas);;;;;;;
pl-piast;Piast;Pologne;Silesian Voivodeship;;1;1.8;576;758;49.62816;19.25804;;;photo;aucun site web connu (OpenSkiMap n'en publie pas);;;;;;;
pl-piekna-gora;Piękna Góra;Pologne;Warmian-Masurian Voivodeship;Gołdap;5;2.3;197;263;54.28224;22.29214;;;photo et forfait;aucun site web connu (OpenSkiMap n'en publie pas);;;;;;;
pl-pierscienica-kielce;Pierścienica – Kielce;Pologne;Świętokrzyskie Voivodship;Kielce;3;0.5;296;357;50.84037;20.60231;;;photo;aucun site web connu (OpenSkiMap n'en publie pas);;;;;;;
pl-pod-durbaszka;Pod Durbaszką;Pologne;Lesser Poland Voivodeship;Szczawnica Obszar Wiejski;1;0;813;925;49.39008;20.53770;;;photo et forfait;aucun site web connu (OpenSkiMap n'en publie pas);;;;;;;
pl-pod-honem;Pod Honem;Pologne;Podkarpackie;;1;0;621;739;49.21473;22.31283;;;photo et forfait;aucun site web connu (OpenSkiMap n'en publie pas);;;;;;;
pl-pod-wangiem;Pod Wangiem;Pologne;dolnoslaskie;Karpacz;0;0;;;50.77997;15.72787;https://www.podwangiem-ski.pl/;;photo;site visité, rien d'exploitable dans ses métadonnées ni ses tableaux;;;;;;;
pl-polana-sosny;Polana Sosny;Pologne;Lesser Poland Voivodeship;;3;1.7;499;592;49.40428;20.32843;;;photo;aucun site web connu (OpenSkiMap n'en publie pas);;;;;;;
pl-polanki;Polanki;Pologne;Lesser Poland Voivodeship;Szczawa;0;0;545;671;49.60703;20.28995;;;photo et forfait;aucun site web connu (OpenSkiMap n'en publie pas);;;;;;;
pl-prze-ecz-sokola;Przełęcz Sokola;Pologne;dolnoslaskie;Głuszyca;6;0.9;757;837;50.66185;16.46434;;;photo;aucun site web connu (OpenSkiMap n'en publie pas);;;;;;;
pl-przedszkole-narciarskie;Przedszkole narciarskie;Pologne;Świętokrzyskie Voivodship;Daleszyce Obszar Wiejski;1;0.1;279;286;50.83423;20.74011;;;photo et forfait;aucun site web connu (OpenSkiMap n'en publie pas);;;;;;;
pl-rusin-ski;Rusiń-Ski;Pologne;Lesser Poland Voivodeship;;6;2.5;769;944;49.35688;20.09752;https://rusin-ski.pl/wyciag/;https://www.rusin-ski.pl/cennik;photo et forfait;site visité, rien d'exploitable dans ses métadonnées ni ses tableaux;;;;;;;
pl-s-awicski-raj;SławicSki Raj;Pologne;Lesser Poland Voivodeship;Miechów Obszar Wiejski;2;0.4;275;343;50.31455;20.08757;;;photo et forfait;aucun site web connu (OpenSkiMap n'en publie pas);;;;;;;
pl-sami-swoi;Sami Swoi;Pologne;Lesser Poland Voivodeship;;1;0.6;781;914;49.36391;20.03620;;;photo et forfait;aucun site web connu (OpenSkiMap n'en publie pas);;;;;;;
pl-siepraw;Siepraw;Pologne;Lesser Poland Voivodeship;;6;1.3;274;334;49.90344;19.99327;;;photo et forfait;aucun site web connu (OpenSkiMap n'en publie pas);;;;;;;
pl-siglany;Siglany;Pologne;Silesian Voivodeship;Wisła;2;0.7;506;596;49.63828;18.86260;;;photo;aucun site web connu (OpenSkiMap n'en publie pas);;;;;;;
pl-skalanka;Skalanka;Pologne;Silesian Voivodeship;;7;3.6;663;854;49.49589;18.97181;;;photo et forfait;aucun site web connu (OpenSkiMap n'en publie pas);;;;;;;
pl-ski-park-rajcza;Ski Park Rajcza;Pologne;Silesian Voivodeship;;1;0.3;505;559;49.50343;19.10653;https://skiparkrajcza.pl/;;photo et forfait;site injoignable (pas de réponse);;;;;;;
pl-skomielna-czarna;Skomielna Czarna;Pologne;Lesser Poland Voivodeship;;0;0;;;49.72754;19.83798;;;photo et forfait;aucun site web connu (OpenSkiMap n'en publie pas);;;;;;;
pl-smerekowiec;Smerekowiec;Pologne;Lesser Poland Voivodeship;;1;0.5;453;518;49.50529;21.21633;;;photo et forfait;aucun site web connu (OpenSkiMap n'en publie pas);;;;;;;
pl-smolen-ski;Smoleń Ski;Pologne;Silesian Voivodeship;Pilica Obszar Wiejski;2;0;420;472;50.44212;19.67962;https://smolen-ski.pl/;;forfait;site visité, rien d'exploitable dans ses métadonnées ni ses tableaux;;;;;;;
pl-sniezynka;Śnieżynka;Pologne;dolnoslaskie;Szczytna Obszar Wiejski;1;0;640;703;50.43962;16.34520;;;photo et forfait;aucun site web connu (OpenSkiMap n'en publie pas);;;;;;;
pl-sopelek;Sopelek;Pologne;Silesian Voivodeship;Katowice;0;0;;;50.18293;18.98623;;;photo et forfait;aucun site web connu (OpenSkiMap n'en publie pas);;;;;;;
pl-sport-dolina;Sport Dolina;Pologne;Silesian Voivodeship;Bytom;2;0;302;333;50.40282;18.85831;https://sportdolina.pl/;;forfait;site visité, rien d'exploitable dans ses métadonnées ni ses tableaux;;;;;;;
pl-stacja-narciarska-kazimierz-dolny;Stacja Narciarska Kazimierz Dolny;Pologne;Lubelskie;Kazimierz Dolny;5;1.7;134;191;51.33632;21.97978;https://stacjakazimierz.pl/;https://stacjakazimierz.pl/cennik;forfait;site visité, rien d'exploitable dans ses métadonnées ni ses tableaux;;;;;;;
pl-stacja-narciarska-rybno;Stacja narciarska Rybno;Pologne;Podlaskie;Łomża Obszar Wiejski;5;1.7;106;157;53.11716;22.18124;;;photo et forfait;aucun site web connu (OpenSkiMap n'en publie pas);;;;;;;
pl-stacja-narciarska-swiniorka;Stacja Narciarska Świniorka;Pologne;Silesian Voivodeship;;4;1.9;497;695;49.68656;18.90632;;;photo;aucun site web connu (OpenSkiMap n'en publie pas);;;;;;;
pl-stajkowa;Stajkowa;Pologne;Lesser Poland Voivodeship;;1;0.4;426;523;49.44840;20.43515;;;photo et forfait;aucun site web connu (OpenSkiMap n'en publie pas);;;;;;;
pl-stary-gron;Stary Groń;Pologne;Silesian Voivodeship;Górki Małe;1;0.6;418;552;49.71672;18.92011;;;forfait;aucun site web connu (OpenSkiMap n'en publie pas);;;;;;;
pl-stok-bobliwo;Stok Bobliwo;Pologne;Lubelskie;;1;0.7;206;268;50.90087;23.05373;http://www.stokbobliwo.pl/;;photo et forfait;site injoignable (pas de réponse);;;;;;;
pl-stok-karpatka;Stok Karpatka;Pologne;dolnoslaskie;Karpacz;0;0;;;50.78055;15.74938;;;photo et forfait;aucun site web connu (OpenSkiMap n'en publie pas);;;;;;;
pl-stok-narciarski;Stok narciarski;Pologne;Greater Poland;Chodzież;2;0;86;127;52.98194;16.93950;;;photo;aucun site web connu (OpenSkiMap n'en publie pas);;;;;;;
pl-stok-narciarski-bia-a-gora;"Stok Narciarski ""Biała Góra""";Pologne;Lubelskie;Tomaszów Lubelski Obszar Wiejski;1;0.3;254;318;50.47917;23.47816;;;photo et forfait;aucun site web connu (OpenSkiMap n'en publie pas);;;;;;;
pl-stok-narciarski-dolina-szczescia;Stok narciarski Dolina Szczęścia;Pologne;dolnoslaskie;Szklarska Poręba;3;0;643;689;50.83440;15.52677;https://dolinaszczescia.pl/;https://dolinaszczescia.pl/artykul/cennik-wjazdow.htm;forfait;site visité, rien d'exploitable dans ses métadonnées ni ses tableaux;;;;;;;
pl-stok-narciarski-szopowe;Stok narciarski Szopowe;Pologne;Lubelskie;Józefów Obszar Wiejski;3;0;286;331;50.51579;23.06281;http://www.szopowe.pl/;;photo et forfait;site injoignable (pas de réponse);;;;;;;
pl-stok-narciarski-w-jacni;Stok narciarski w Jacni;Pologne;Lubelskie;;3;0;258;308;50.57361;23.18407;;;photo et forfait;aucun site web connu (OpenSkiMap n'en publie pas);;;;;;;
pl-stok-narciarski-w-stobiernej;Stok narciarski w Stobiernej;Pologne;Podkarpackie;Gmina Dębica;1;0.5;268;312;50.03005;21.49503;;;photo et forfait;aucun site web connu (OpenSkiMap n'en publie pas);;;;;;;
pl-stok-relaks;Stok Relaks;Pologne;dolnoslaskie;Karpacz;2;0;610;650;50.76943;15.76420;;;photo et forfait;aucun site web connu (OpenSkiMap n'en publie pas);;;;;;;
pl-struznica;Strużnica;Pologne;dolnoslaskie;;0;0;;;50.83445;15.88738;;;photo et forfait;aucun site web connu (OpenSkiMap n'en publie pas);;;;;;;
pl-swieta-gora;Święta Góra;Pologne;dolnoslaskie;Lubawka;1;0;530;699;50.70494;16.01568;;;photo;aucun site web connu (OpenSkiMap n'en publie pas);;;;;;;
pl-szance;Szańce;Pologne;Silesian Voivodeship;Koniaków;1;0;670;742;49.55394;18.94871;;;photo et forfait;aucun site web connu (OpenSkiMap n'en publie pas);;;;;;;
pl-szklarska-poreba;Szklarska Poręba;Pologne;dolnoslaskie;Szklarska Poręba;0;0;;;50.83333;15.53333;https://www.szklarskaporeba.pl/;;photo et forfait;site visité, rien d'exploitable dans ses métadonnées ni ses tableaux;;;;;;;
pl-szrenica-ski-arena;Szrenica Ski Arena;Pologne;dolnoslaskie;Szklarska Poręba;7;8;713;1306;50.80466;15.51084;;;forfait;aucun site web connu (OpenSkiMap n'en publie pas);;;;;;;
pl-sztuczny-stok-narciarski;Sztuczny stok narciarski;Pologne;Greater Poland;Międzychód;0;0;;;52.60445;15.90708;;;photo et forfait;aucun site web connu (OpenSkiMap n'en publie pas);;;;;;;
pl-szus;Szus;Pologne;Silesian Voivodeship;;1;0;637;696;49.55094;18.92805;;;photo;aucun site web connu (OpenSkiMap n'en publie pas);;;;;;;
pl-szyndzielnia;Szyndzielnia;Pologne;Silesian Voivodeship;Bielsko-Biala;2;0.3;964;1008;49.76555;19.00588;;;photo et forfait;aucun site web connu (OpenSkiMap n'en publie pas);;;;;;;
pl-tumlin-sport-ski;Tumlin Sport Ski;Pologne;Świętokrzyskie Voivodship;;1;0.4;307;375;50.95806;20.56618;;;photo et forfait;aucun site web connu (OpenSkiMap n'en publie pas);;;;;;;
pl-u-gruloka;U Gruloka;Pologne;Lesser Poland Voivodeship;Poronin;2;0;752;915;49.33759;20.01301;;;photo;aucun site web connu (OpenSkiMap n'en publie pas);;;;;;;
pl-u-steni;U Steni;Pologne;Lesser Poland Voivodeship;;1;0;908;989;49.34560;20.06891;;;photo et forfait;aucun site web connu (OpenSkiMap n'en publie pas);;;;;;;
pl-u-zura;U Żura;Pologne;Lesser Poland Voivodeship;Rabka-Zdrój Obszar Wiejski;2;0.4;497;542;49.58026;19.91354;;;photo;aucun site web connu (OpenSkiMap n'en publie pas);;;;;;;
pl-uboc;UBOC;Pologne;Lesser Poland Voivodeship;;2;0;816;867;49.33295;19.82114;;;photo et forfait;aucun site web connu (OpenSkiMap n'en publie pas);;;;;;;
pl-unis-aw;Unisław;Pologne;Kujawsko-pomorskie;;3;0;34;69;53.20824;18.35398;;;photo et forfait;aucun site web connu (OpenSkiMap n'en publie pas);;;;;;;
pl-wegierski;Węgierski;Pologne;Silesian Voivodeship;;0;0;;;49.71083;18.96974;;;photo;aucun site web connu (OpenSkiMap n'en publie pas);;;;;;;
pl-wielka-sowa;Wielka Sowa;Pologne;dolnoslaskie;Pieszyce Obszar Wiejski;2;0;697;1011;50.68667;16.48830;;;photo et forfait;aucun site web connu (OpenSkiMap n'en publie pas);;;;;;;
pl-winiarska;Winiarska;Pologne;Podkarpackie;Iwonicz-Zdrój;1;0;452;497;49.56640;21.78356;;;photo et forfait;aucun site web connu (OpenSkiMap n'en publie pas);;;;;;;
pl-wujskie;Wujskie;Pologne;Podkarpackie;Gmina Sanok;2;0;417;488;49.55760;22.28503;;;photo et forfait;aucun site web connu (OpenSkiMap n'en publie pas);;;;;;;
pl-wyciag-narciarski-kartasiowka;"Wyciąg narciarski ""Kartasiówka""";Pologne;Warmian-Masurian Voivodeship;;3;0;109;142;53.69675;20.48077;;;photo et forfait;aucun site web connu (OpenSkiMap n'en publie pas);;;;;;;
pl-wyciagi-baca;Wyciągi Baca;Pologne;Lesser Poland Voivodeship;;2;0.5;654;737;49.61656;19.51435;http://www.zawoja-ski.pl/;;photo et forfait;site visité, rien d'exploitable dans ses métadonnées ni ses tableaux;;;;;;;
pl-wyciagi-wojtek;Wyciągi Wojtek;Pologne;Lesser Poland Voivodeship;;2;0.5;658;746;49.61603;19.51274;http://www.zawoja-ski.pl/;;photo et forfait;site visité, rien d'exploitable dans ses métadonnées ni ses tableaux;;;;;;;
pl-wysoki-wierch;Wysoki Wierch;Pologne;Lesser Poland Voivodeship;Bukowina Tatrzańska;12;0;919;987;49.33369;20.09451;;;photo;aucun site web connu (OpenSkiMap n'en publie pas);;;;;;;
pl-ysa-gora;Łysa Góra;Pologne;dolnoslaskie;;0;0.9;522;685;50.96321;15.80722;;;photo et forfait;aucun site web connu (OpenSkiMap n'en publie pas);;;;;;;
pl-zadzia;Zadział;Pologne;Lesser Poland Voivodeship;Nowy Targ;1;0;632;717;49.50279;20.03233;;;photo;aucun site web connu (OpenSkiMap n'en publie pas);;;;;;;
pl-zieleniec;Zieleniec;Pologne;dolnoslaskie;Duszniki-Zdrój;2;1.5;1011;1016;50.33089;16.38881;https://zieleniec.pl/;;photo et forfait;site refusé (robots.txt ou 429);;;;;;;
pl-zieleniec-503335m163895;Zieleniec;Pologne;dolnoslaskie;Duszniki-Zdrój;30;20.1;739;1015;50.33351;16.38949;https://zieleniec.pl/;;photo et forfait;site refusé (robots.txt ou 429);;;;;;;
pl-zielona-brama;Zielona Brama;Pologne;Pomorskie;;2;0;193;258;54.20243;18.32181;;;photo et forfait;aucun site web connu (OpenSkiMap n'en publie pas);;;;;;;
pl-zo-wik;Żółwik;Pologne;dolnoslaskie;Karpacz;9;0.3;776;810;50.77794;15.72816;;;photo et forfait;aucun site web connu (OpenSkiMap n'en publie pas);;;;;;;
pt-serra-da-estrela;Serra da Estrela;Portugal;Castelo Branco;;5;5.4;1850;1986;40.32699;-7.61554;https://www.skiserradaestrela.com/;;forfait;site visité, rien d'exploitable dans ses métadonnées ni ses tableaux;;;;;;;
pt-ski-parque;Ski Parque;Portugal;Guarda;;1;0;580;653;40.41000;-7.46911;https://skiparque.pt/wp/;;photo et forfait;site injoignable (403);;;;;;;
ro-arena-platos;Arena Platoș;Roumanie;Sibiu;Păltiniş;7;3.7;1299;1387;45.67234;23.93979;https://paltinisarena.ro/;;forfait;site visité, rien d'exploitable dans ses métadonnées ni ses tableaux;;;;;;;
ro-arieseni;Arieşeni;Roumanie;Alba;;3;1.7;1185;1440;46.50794;22.67309;;;photo;aucun site web connu (OpenSkiMap n'en publie pas);;;;;;;
ro-baile-homorod;Băile Homorod;Roumanie;Harghita;Băile Homorod;1;0.3;727;779;46.34886;25.47408;;;photo;aucun site web connu (OpenSkiMap n'en publie pas);;;;;;;
ro-baile-tusnad;Baile Tusnad;Roumanie;Harghita;;0;0;;;46.15397;25.87499;;;photo et forfait;aucun site web connu (OpenSkiMap n'en publie pas);;;;;;;
ro-balea-lac;Balea Lac;Roumanie;Sibiu;;1;0;1259;2032;45.62073;24.61183;;;photo et forfait;aucun site web connu (OpenSkiMap n'en publie pas);;;;;;;
ro-banffydongo-dangau-mare;Bánffydongó - Dangau Mare;Roumanie;Cluj;;0;0;;;46.75201;23.20776;;;photo et forfait;aucun site web connu (OpenSkiMap n'en publie pas);;;;;;;
ro-bogdan;Bogdan;Roumanie;Harghita;;2;1.9;1019;1206;46.61916;25.25645;https://schi-bogdan.ro/;;photo et forfait;site injoignable (403);;;;;;;
ro-bogdan-parajd;Bogdán - Parajd;Roumanie;Harghita;;0;0;;;46.58512;25.24366;;;photo et forfait;aucun site web connu (OpenSkiMap n'en publie pas);;;;;;;
ro-borsec;Borsec;Roumanie;Harghita;;0;0;;;46.93210;25.56943;;;photo et forfait;aucun site web connu (OpenSkiMap n'en publie pas);;;;;;;
ro-borsec-469779m255822;Borsec;Roumanie;Harghita;;1;2.1;936;1074;46.97795;25.58218;;;photo et forfait;aucun site web connu (OpenSkiMap n'en publie pas);;;;;;;
ro-bujdoso;Bujdosó;Roumanie;Harghita;;2;0.7;1234;1314;46.65114;25.29484;https://bucsin.ro;https://bucsin.ro/hu/arak.html;photo et forfait;site visité, rien d'exploitable dans ses métadonnées ni ses tableaux;;;;;;;
ro-bunloc;Bunloc;Roumanie;Brasov;;1;0;674;1175;45.59650;25.66261;https://www.facebook.com/FunBunloc;;photo et forfait;site injoignable (400);;;;;;;
ro-buscat;Buscat;Roumanie;Cluj;;1;2.3;1485;1671;46.53064;23.27663;https://buscat.ro/;;photo;site visité, rien d'exploitable dans ses métadonnées ni ses tableaux;;;;;;;
ro-buscat-baisoara;Buscat / Băișoara;Roumanie;Cluj;;1;1.2;1245;1487;46.53758;23.30439;https://www.buscat.ro/;https://buscat.ro/skipass/;photo et forfait;site visité, rien d'exploitable dans ses métadonnées ni ses tableaux;;;;;;;
ro-busteni;Buşteni;Roumanie;Prahova;Bușteni;1;1.4;973;1252;45.41781;25.51942;;;photo et forfait;aucun site web connu (OpenSkiMap n'en publie pas);;;;;;;
ro-campulung-moldovenesc;Campulung Moldovenesc;Roumanie;Suceava;;0;0;;;47.52578;25.54841;;;photo et forfait;aucun site web connu (OpenSkiMap n'en publie pas);;;;;;;
ro-casa-baraj;Casa Baraj;Roumanie;Caras-Severin;;2;1.1;608;726;45.21472;22.03086;https://casa-baraj.ro/;;forfait;site visité, rien d'exploitable dans ses métadonnées ni ses tableaux;;;;;;;
ro-clabucet;Clăbucet;Roumanie;Brasov;;3;7.1;1041;1447;45.49164;25.58544;;;photo;aucun site web connu (OpenSkiMap n'en publie pas);;;;;;;
ro-feleacu-cluj-napoca;Feleacu (Cluj-Napoca);Roumanie;Cluj;;1;0.6;651;740;46.71850;23.64132;;;photo et forfait;aucun site web connu (OpenSkiMap n'en publie pas);;;;;;;
ro-gura-humorului;Gura Humorului;Roumanie;Suceava;;2;2.4;476;760;47.53671;25.88392;;;photo et forfait;aucun site web connu (OpenSkiMap n'en publie pas);;;;;;;
ro-harghita-bai;Harghita Băi;Roumanie;Harghita;Harghita-Băi;3;4.8;1236;1373;46.38552;25.64847;https://www.hargitafurdo.ro/;;forfait;site visité, rien d'exploitable dans ses métadonnées ni ses tableaux;;;;;;;
ro-havas-bucsin;Havas Bucsin;Roumanie;Harghita;;1;0;1359;1494;46.64201;25.30836;https://bucsin.ro;https://bucsin.ro/hu/arak.html;photo et forfait;site visité, rien d'exploitable dans ses métadonnées ni ses tableaux;;;;;;;
ro-havas-bucsin-466437m252933;Havas Bucsin;Roumanie;Harghita;;4;2.6;1189;1346;46.64370;25.29334;https://bucsin.ro;;photo;site visité, rien d'exploitable dans ses métadonnées ni ses tableaux;;;;;;;
ro-iasi;Iasi;Roumanie;Iasi;;0;0.4;53;124;47.18990;27.56869;;;photo et forfait;aucun site web connu (OpenSkiMap n'en publie pas);;;;;;;
ro-izvoare-ivofalu;Izvoare (Ivófalu);Roumanie;Maramureş County;;2;1;870;1042;47.75154;23.71552;;;photo;aucun site web connu (OpenSkiMap n'en publie pas);;;;;;;
ro-izvorul-minunilor;Izvorul Minunilor;Roumanie;Bihor;;2;2.1;1087;1363;46.68535;22.61699;;;photo;aucun site web connu (OpenSkiMap n'en publie pas);;;;;;;
ro-madarasi-hargita;Madarasi Hargita;Roumanie;Harghita;;4;3;1484;1676;46.43766;25.57686;https://www.madarasihargita.hu/;;photo;site visité, rien d'exploitable dans ses métadonnées ni ses tableaux;;;;;;;
ro-malini-valeni-village;Mălini - Valeni village;Roumanie;Suceava;;0;0;;;47.38835;26.00597;;;photo et forfait;aucun site web connu (OpenSkiMap n'en publie pas);;;;;;;
ro-nemira;Nemira;Roumanie;Bacau;Slănic-Moldova;1;0;480;726;46.20952;26.45218;;;photo;aucun site web connu (OpenSkiMap n'en publie pas);;;;;;;
ro-parang;Parâng;Roumanie;Hunedoara;;8;5.6;1072;1768;45.39261;23.46528;https://www.skiparang.ro;;photo et forfait;site visité, rien d'exploitable dans ses métadonnées ni ses tableaux;;;;;;;
ro-partia-de-schi-cocos-bistrita;Pârtia de schi Cocoș Bistrița;Roumanie;Bistrita-Nasaud;;2;1.7;421;682;47.15253;24.56048;;;photo et forfait;aucun site web connu (OpenSkiMap n'en publie pas);;;;;;;
ro-partia-de-schi-rarau-rarau-ski-resort;Pârtia de schi Rarău, Rarău Ski Resort;Roumanie;Suceava;;1;2.8;777;1221;47.47502;25.56175;https://rarauskiresort.ro/;;forfait;site visité, rien d'exploitable dans ses métadonnées ni ses tableaux;;;;;;;
ro-partia-de-schi-veresvirag-veresvirag-sipalya;Pârtia de schi Veresvirág, Veresvirág sípálya;Roumanie;Harghita;;2;1.5;822;1096;46.64122;25.49733;;;photo et forfait;aucun site web connu (OpenSkiMap n'en publie pas);;;;;;;
ro-partia-oprea-valea-mare;Pârtia Oprea - Valea Mare;Roumanie;Covasna;;1;0;720;819;45.74334;26.04251;;;photo et forfait;aucun site web connu (OpenSkiMap n'en publie pas);;;;;;;
ro-partiile-marisel;Pârtiile Mărișel;Roumanie;Cluj;;3;3.2;918;1237;46.66785;23.07142;https://www.marisel-skibikeresort.com/;;photo;site refusé (robots.txt ou 429);;;;;;;
ro-piatra-neamt-karacsonyko-dealu-cozla;Piatra Neamt (Karácsonykő) - Dealu Cozla;Roumanie;Neamt;Piatra Neamţ;3;1;382;629;46.93677;26.36843;;;photo et forfait;aucun site web connu (OpenSkiMap n'en publie pas);;;;;;;
ro-poiana-brasov;Poiana Brașov;Roumanie;Brasov;Poiana Braşov;8;18.2;974;1772;45.57936;25.55508;https://www.schipoianabrasov.ro/;;forfait;site visité, rien d'exploitable dans ses métadonnées ni ses tableaux;;;;;;;
ro-ranca;Rânca;Roumanie;Gorj;Novaci;4;3.5;1538;1703;45.28402;23.69401;;;photo et forfait;aucun site web connu (OpenSkiMap n'en publie pas);;;;;;;
ro-rausor-rau-de-mori-retyezat-mountain;Rausor - Rau de Mori - Retyezat mountain;Roumanie;Hunedoara;;3;0.7;1249;1448;45.41326;22.84161;;;photo et forfait;aucun site web connu (OpenSkiMap n'en publie pas);;;;;;;
ro-semenic;Semenic;Roumanie;Caras-Severin;;4;10;1186;1428;45.19646;22.04843;;;photo et forfait;aucun site web connu (OpenSkiMap n'en publie pas);;;;;;;
ro-sinaia;Sinaia;Roumanie;Prahova;Sinaia;10;27.5;1024;2085;45.35763;25.50953;https://sinaiago.ro/;https://sinaiago.ro/partiile-de-schi-tarife/;forfait;site visité, rien d'exploitable dans ses métadonnées ni ses tableaux;;;;;;;
ro-ski-varsag;Ski Varság;Roumanie;Harghita;;1;0.8;972;1139;46.53206;25.38989;;;photo et forfait;aucun site web connu (OpenSkiMap n'en publie pas);;;;;;;
ro-ski-vidra;Ski Vidra;Roumanie;Vâlcea;;6;7.9;1322;1974;45.40351;23.70218;https://www.skividra.ro/;https://www.skividra.ro/tarife;forfait;site visité, rien d'exploitable dans ses métadonnées ni ses tableaux;;;;;;;
ro-skigyimes-gyimesi-bob-es-sipalya;SkiGyimes, Gyimesi Bob- és Sípálya;Roumanie;Harghita;;4;0.6;923;1061;46.51859;25.95847;https://skigyimes.ro/;;forfait;site visité, rien d'exploitable dans ses métadonnées ni ses tableaux;;;;;;;
ro-smart-ski-slopes;Smart Ski Slopes;Roumanie;Timis;Timișoara;0;0;;;45.72525;21.20132;;;photo et forfait;aucun site web connu (OpenSkiMap n'en publie pas);;;;;;;
ro-sovata-alunis;Sovata - Alunis;Roumanie;Mures;;1;0.9;938;1175;46.64624;25.15323;;;photo et forfait;aucun site web connu (OpenSkiMap n'en publie pas);;;;;;;
ro-straja;Straja;Roumanie;Hunedoara;;10;9.1;1087;1864;45.32311;23.24072;https://skistraja.ro/;;forfait;site visité, rien d'exploitable dans ses métadonnées ni ses tableaux;;;;;;;
ro-sugas-bai;Șugaș Băi;Roumanie;Covasna;;2;0.8;773;922;45.89587;25.70376;;;photo et forfait;aucun site web connu (OpenSkiMap n'en publie pas);;;;;;;
ro-suior;Șuior;Roumanie;Maramureş County;;3;4.6;681;1231;47.66719;23.77959;https://suior.ro/en/ski-area/;;photo et forfait;site visité, rien d'exploitable dans ses métadonnées ni ses tableaux;;;;;;;
ro-toplita;Toplița;Roumanie;Harghita;;3;2;734;865;46.90273;25.32981;;;photo;aucun site web connu (OpenSkiMap n'en publie pas);;;;;;;
ro-vatra-dornei;Vatra Dornei;Roumanie;Suceava;Dorna Vatra;4;4.5;813;1257;47.33010;25.34515;;;photo et forfait;aucun site web connu (OpenSkiMap n'en publie pas);;;;;;;
ro-wolfsberg-ski;Wolfsberg Ski;Roumanie;Caras-Severin;;1;0.9;914;999;45.22492;22.08979;;;photo et forfait;aucun site web connu (OpenSkiMap n'en publie pas);;;;;;;
rs-avantura-park;Avantura park;Serbie;Zlatiborski upravni okrug;;2;2.3;966;1485;43.68920;19.66942;;;photo;aucun site web connu (OpenSkiMap n'en publie pas);;;;;;;
rs-iver-ski-resort-skijaliste-iver;Скијалиште Ивер, Iver ski resort, Skijalište Iver;Serbie;Zlatiborski upravni okrug;;3;0;1238;1473;43.83505;19.46247;https://mecavnik.info/en/skijaliste-iver/skijaliste-iver/;;photo et forfait;site injoignable (404);;;;;;;
rs-kopaonik;Kopaonik;Serbie;Mitrovica;;27;56.8;1349;1974;43.29656;20.83615;https://www.skijalistasrbije.rs/;https://www.skijalistasrbije.rs/sr/ski-pass-informacije-kopaonik-stara-planina-zlatibor-brezovica;forfait;site visité, rien d'exploitable dans ses métadonnées ni ses tableaux;;;;;;;
rs-obudojevica;Obudojevica;Serbie;Zlatiborski upravni okrug;;4;0;947;991;43.72279;19.69223;;;photo et forfait;aucun site web connu (OpenSkiMap n'en publie pas);;;;;;;
rs-ski-center-stara-planina;Ski Center Stara planina;Serbie;Pirotski upravni okrug;;6;10.9;1233;1754;43.37125;22.60388;https://www.skijalistasrbije.rs/en/lifts-and-slopes-stara-planina;https://www.skijalistasrbije.rs/en/ski-pass;photo et forfait;site visité, rien d'exploitable dans ses métadonnées ni ses tableaux;;;;;;;
rs-ski-staza-aleksandar-club;Ski staza Aleksandar club;Serbie;Grad Beograd;Belgrade;1;0.3;141;168;44.77883;20.42790;;;photo et forfait;aucun site web connu (OpenSkiMap n'en publie pas);;;;;;;
rs-skijaliste-putevi-nova-varos;Skijalište Putevi Nova Varoš;Serbie;Zlatiborski upravni okrug;Nova Varoš;2;1.2;997;1196;43.45537;19.81299;;;photo et forfait;aucun site web connu (OpenSkiMap n'en publie pas);;;;;;;
rs-tornik;Tornik, Торник;Serbie;Zlatiborski upravni okrug;;3;5.8;1108;1486;43.66276;19.64232;https://www.skijalistasrbije.rs/en/lifts-and-slopes-tornik-zlatibor;https://www.skijalistasrbije.rs/en/ski-pass;photo et forfait;site visité, rien d'exploitable dans ses métadonnées ni ses tableaux;;;;;;;
rs-zari-ski-centre-ski-centar-zari;Ски центар Жари, Žari ski centre, Ski centar Žari;Serbie;Zlatiborski upravni okrug;;2;0;1241;1383;43.22286;19.96215;;;photo et forfait;aucun site web connu (OpenSkiMap n'en publie pas);;;;;;;
se-abisko;Abisko;Suède;Norrbotten;;1;2.1;401;902;68.36278;18.74618;;;forfait;aucun site web connu (OpenSkiMap n'en publie pas);;;;;;;
se-akersjons-skidbacke;Åkersjöns Skidbacke;Suède;Jamtland;;1;0;510;705;63.77835;14.01671;;;photo;aucun site web connu (OpenSkiMap n'en publie pas);;;;;;;
se-alasens-skidbacke;Ålåsens Skidbacke;Suède;Jamtland;;1;0;451;502;63.86780;14.60544;;;photo;aucun site web connu (OpenSkiMap n'en publie pas);;;;;;;
se-asbybacken;Asbybacken;Suède;Ostergotland;;2;0.6;156;224;57.90487;15.21271;;;photo;aucun site web connu (OpenSkiMap n'en publie pas);;;;;;;
se-bjastabacken;Bjästabacken;Suède;Vasternorrland;;3;0;23;142;63.20750;18.47565;https://bjastaalpina.se/;;photo;site visité, rien d'exploitable dans ses métadonnées ni ses tableaux;;;;;;;
se-bjornrike;Björnrike;Suède;Jamtland;;15;21.7;480;948;62.45746;14.02176;;;photo et forfait;aucun site web connu (OpenSkiMap n'en publie pas);;;;;;;
se-blasjons-fjallanlaggning;Blåsjöns Fjällanläggning;Suède;Jamtland;;3;0;473;924;64.84654;14.11623;;;photo;aucun site web connu (OpenSkiMap n'en publie pas);;;;;;;
se-borgafjallbackarna;Borgafjällbackarna;Suède;Vasterbotten County;;3;9.6;503;792;64.83794;15.04677;;;photo et forfait;aucun site web connu (OpenSkiMap n'en publie pas);;;;;;;
se-brantberget;Brantberget;Suède;Vasterbotten County;Umeå;2;0.5;37;83;63.84010;20.30878;;;photo;aucun site web connu (OpenSkiMap n'en publie pas);;;;;;;
se-dackestupet;Dackestupet;Suède;Kalmar;;3;0;126;189;57.30457;15.57034;https://www.dackestupet.com;;photo;site visité, rien d'exploitable dans ses métadonnées ni ses tableaux;;;;;;;
se-edhsliften;Edhsliften;Suède;Jamtland;;0;0;;;63.48325;13.19259;;;photo;aucun site web connu (OpenSkiMap n'en publie pas);;;;;;;
se-edsasdalen;Edsåsdalen;Suède;Jamtland;;5;9.6;478;961;63.31471;13.01474;;;photo et forfait;aucun site web connu (OpenSkiMap n'en publie pas);;;;;;;
se-fridabacken;Fridabacken;Suède;Vastmanland;;1;0;144;199;60.07866;15.89108;;;photo et forfait;aucun site web connu (OpenSkiMap n'en publie pas);;;;;;;
se-gopshusbacken;Gopshusbacken;Suède;Dalarna;;2;0;248;435;61.09384;14.24957;;;photo;aucun site web connu (OpenSkiMap n'en publie pas);;;;;;;
se-graftavallen;Gräftåvallen;Suède;Jamtland;;2;4.1;657;765;63.00335;13.95754;;;photo;aucun site web connu (OpenSkiMap n'en publie pas);;;;;;;
se-hallsta-ski;Hallsta Ski;Suède;Vasternorrland;;5;0.6;76;320;63.16104;17.23755;;;photo;aucun site web connu (OpenSkiMap n'en publie pas);;;;;;;
se-hogfjallet;Högfjället;Suède;Dalarna;;14;10.6;694;886;61.14103;13.10573;https://www.skistar.com/en/ski-destinations/salen;https://www.skistar.com/en/winter/skipass/;forfait;site visité, rien d'exploitable dans ses métadonnées ni ses tableaux;;;;;;;
se-husa;Huså;Suède;Jamtland;;1;13.2;419;677;63.46475;13.06909;;;photo et forfait;aucun site web connu (OpenSkiMap n'en publie pas);;;;;;;
se-jarabacken;Järabacken;Suède;Jonkoping;;1;0;188;260;57.76662;14.23581;;;photo;aucun site web connu (OpenSkiMap n'en publie pas);;;;;;;
se-kallviksbacken;Källviksbacken;Suède;Dalarna;;2;0.8;130;226;60.56967;15.62167;https://www.kallviksbacken.se/;;photo et forfait;site refusé (robots.txt ou 429);;;;;;;
se-kanisbacken;Kanisbacken;Suède;Norrbotten;;1;2.2;73;225;65.66540;20.95010;;;photo;aucun site web connu (OpenSkiMap n'en publie pas);;;;;;;
se-kila-valley;Kila Valley;Suède;Sodermanland;;1;0;27;34;58.87212;16.87870;;;photo et forfait;aucun site web connu (OpenSkiMap n'en publie pas);;;;;;;
se-klimpfjallsbackarna;Klimpfjällsbackarna;Suède;Vasterbotten County;;3;12.3;591;808;65.07331;14.78555;;;photo;aucun site web connu (OpenSkiMap n'en publie pas);;;;;;;
se-kolasen;Kolåsen;Suède;Jamtland;;1;0;471;511;63.75038;12.96549;;;photo et forfait;aucun site web connu (OpenSkiMap n'en publie pas);;;;;;;
se-lindvallen;Lindvallen;Suède;Dalarna;;39;30.1;567;859;61.15511;13.18657;https://www.skistar.com/en/ski-destinations/salen;https://www.skistar.com/en/winter/skipass/;forfait;site visité, rien d'exploitable dans ses métadonnées ni ses tableaux;;;;;;;
se-mattsundsbacken;Måttsundsbacken;Suède;Norrbotten;;3;0;24;136;65.55740;21.92319;https://mattsundsbacken.se/;;photo;site refusé (robots.txt ou 429);;;;;;;
se-mullsjo-alpin;Mullsjö Alpin;Suède;Jonkoping;;2;2;243;328;57.86780;13.76473;;;photo;aucun site web connu (OpenSkiMap n'en publie pas);;;;;;;
se-nasfjallet;Näsfjället;Suède;Dalarna;;1;2.7;651;823;61.37638;12.92873;;;photo;aucun site web connu (OpenSkiMap n'en publie pas);;;;;;;
se-nybroberget;Nybroberget;Suède;Dalarna;;4;2.9;156;325;60.40683;15.46576;https://borlangealpin.com/nybrobacken;;photo et forfait;site visité, rien d'exploitable dans ses métadonnées ni ses tableaux;;;;;;;
se-ombergsliden;Ombergsliden;Suède;Ostergotland;;2;0;138;198;58.35802;14.68426;https://ombergsliden.se/;;photo;site visité, rien d'exploitable dans ses métadonnées ni ses tableaux;;;;;;;
se-ormbergsbacken;Ormbergsbacken;Suède;Norrbotten;Luleå;1;0.2;30;68;65.60469;22.18815;https://www.lulea.se/uppleva--gora/friluftsliv-och-natur/ormberget.html;;photo;site refusé (robots.txt ou 429);;;;;;;
se-rodebybacken;Rödebybacken;Suède;Blekinge;Rödeby;2;0;36;90;56.26131;15.62789;;;photo et forfait;aucun site web connu (OpenSkiMap n'en publie pas);;;;;;;
se-ryssbergsbacken;Ryssbergsbacken;Suède;Sodermanland;;1;0.8;2;51;58.73684;16.96642;;;photo;aucun site web connu (OpenSkiMap n'en publie pas);;;;;;;
se-skidbacke;Skidbacke;Suède;Norrbotten;;1;0;87;114;65.78736;21.76608;;;photo et forfait;aucun site web connu (OpenSkiMap n'en publie pas);;;;;;;
se-skidbacke-karlbergsskogen;Skidbacke Karlbergsskogen;Suède;Vastmanland;;0;0;;;59.50793;16.02019;;;photo et forfait;aucun site web connu (OpenSkiMap n'en publie pas);;;;;;;
se-skistar-hammarbybacken;Skistar Hammarbybacken;Suède;Stockholm;Stockholm;4;1;9;91;59.29991;18.11172;https://www.skistar.com/sv/vara-skidorter/hammarbybacken/vinter-i-hammarbybacken/;https://www.skistar.com/sv/hammarbybacken/planera/biljetter-och-priser/;forfait;site visité, rien d'exploitable dans ses métadonnées ni ses tableaux;;;;;;;
se-spokbacken;Spökbacken;Suède;Sodermanland;;1;0.6;29;74;58.95000;16.26887;http://www.spokbacken.se;;photo;site injoignable (pas de réponse);;;;;;;
se-storlien;Storlien;Suède;Jamtland;;9;4.2;589;782;63.41137;11.90839;https://www.storlienhogfjallshotell.se/en/activities-winter.html;https://www.storlienhogfjallshotell.se/skipass.html;forfait;site visité, rien d'exploitable dans ses métadonnées ni ses tableaux;;;;;;;
se-strutsabacken;Strutsabacken;Suède;Jonkoping;Jönköping;1;0;169;245;57.80549;14.28236;;;photo;aucun site web connu (OpenSkiMap n'en publie pas);;;;;;;
se-sunnerstaasens-friluftsomrade;Sunnerstaåsens friluftsområde;Suède;Uppsala;Uppsala;2;0;3;39;59.79300;17.66226;;;photo;aucun site web connu (OpenSkiMap n'en publie pas);;;;;;;
se-svanstein;Svanstein;Suède;Norrbotten;;4;12.2;86;334;66.65294;23.78986;https://www.svanstein.eu/;;photo;site visité, rien d'exploitable dans ses métadonnées ni ses tableaux;;;;;;;
se-svedjebacken;Svedjebacken;Suède;Jamtland;;1;0;301;378;63.02326;16.07899;;;photo;aucun site web connu (OpenSkiMap n'en publie pas);;;;;;;
se-tandadalen;Tandådalen;Suède;Dalarna;;24;19.1;625;857;61.17644;13.02252;https://www.skistar.com/en/ski-destinations/salen;https://www.skistar.com/en/winter/skipass/;forfait;site visité, rien d'exploitable dans ses métadonnées ni ses tableaux;;;;;;;
se-tarmaby;Tärmaby;Suède;Vasterbotten County;;4;15.8;446;813;65.71919;15.27525;https://tarnabyalpint.se/;;photo et forfait;site visité, rien d'exploitable dans ses métadonnées ni ses tableaux;;;;;;;
se-tolvmannabacken;Tolvmannabacken;Suède;Ostergotland;;1;0;115;244;57.96666;15.61884;https://www.tolvmannabacken.se;;forfait;site visité, rien d'exploitable dans ses métadonnées ni ses tableaux;;;;;;;
se-trillevallen;Trillevallen;Suède;Jamtland;;9;16.2;663;994;63.26029;13.13079;;;photo;aucun site web connu (OpenSkiMap n'en publie pas);;;;;;;
se-trollhojden;Trollhöjden;Suède;Halland;;1;0;67;133;57.12646;12.70389;;;photo et forfait;aucun site web connu (OpenSkiMap n'en publie pas);;;;;;;
se-trosabacken;Trosabacken;Suède;Sodermanland;;2;0;14;55;58.90746;17.53651;;;photo;aucun site web connu (OpenSkiMap n'en publie pas);;;;;;;
se-ulricehamn-skicenter;Ulricehamn Skicenter;Suède;Vastra Gotaland;;8;2.8;179;287;57.82125;13.41010;https://www.ulricehamnskicenter.se;;photo;site injoignable (pas de réponse);;;;;;;
se-valadalen;Vålådalen;Suède;Jamtland;;1;0;604;751;63.13917;12.99548;;;photo;aucun site web connu (OpenSkiMap n'en publie pas);;;;;;;
se-vasjobacken;Väsjöbacken;Suède;Stockholm;Stockholm;6;1.5;24;98;59.45352;17.97341;https://www.vasjobacken.com/;;photo;site refusé (robots.txt ou 429);;;;;;;
se-vreningebacken;Vreningebacken;Suède;Halland;Oskarström;1;0;27;63;56.79963;12.98418;https://www.vrenningebacken.com/;;photo;site visité, rien d'exploitable dans ses métadonnées ni ses tableaux;;;;;;;
se-yxbacken;Yxbacken;Suède;Ostergotland;;3;1.2;13;116;58.66879;16.13755;;;photo;aucun site web connu (OpenSkiMap n'en publie pas);;;;;;;
si-celjska-koca;Celjska koca;Slovénie;Savinja;;3;0;649;792;46.19320;15.27739;https://celjska-koca.si/;;forfait;site refusé (robots.txt ou 429);;;;;;;
si-globoki-klanec;Globoki Klanec;Slovénie;Drava;;0;0;;;46.47567;16.09453;https://www.facebook.com/p/Smu%C4%8Di%C5%A1%C4%8De-Globoki-klanec-100054577173884;;photo et forfait;site injoignable (400);;;;;;;
si-izver;Izver;Slovénie;Southeast Slovenia;;1;0.3;534;592;45.75377;14.64156;;;forfait;aucun site web connu (OpenSkiMap n'en publie pas);;;;;;;
si-janina;Janina;Slovénie;Savinja;;1;0.4;245;358;46.23639;15.64461;;;photo;aucun site web connu (OpenSkiMap n'en publie pas);;;;;;;
si-kranjska-gora;Kranjska Gora;Slovénie;Upper Carniola;Kranjska Gora;15;22;807;1568;46.47137;13.71495;https://ski-kranjska-gora.com;https://www.ski-kranjska-gora.com/sl/poletje/ceniki;forfait;site visité, rien d'exploitable dans ses métadonnées ni ses tableaux;;;;;;;
si-krvavec;Krvavec;Slovénie;Upper Carniola;;13;14.3;1474;1962;46.29639;14.52082;https://www.rtc-krvavec.si/;;forfait;site visité, rien d'exploitable dans ses métadonnées ni ses tableaux;;;;;;;
si-marela;Marela;Slovénie;Central Sava;;3;2.3;468;896;46.13235;14.94622;;;photo et forfait;aucun site web connu (OpenSkiMap n'en publie pas);;;;;;;
si-pokljuka;Pokljuka;Slovénie;Upper Carniola;;6;2.1;1262;1564;46.35007;13.94619;;;forfait;aucun site web connu (OpenSkiMap n'en publie pas);;;;;;;
si-sella-nevea-kanin-sella-nevea-canin-kanin-sella-nevea;Sella Nevea - Kanin, Sella Nevea - Canin, Kanin - Sella Nevea;Slovénie;Gorizia;;4;10.1;1107;2137;46.36607;13.48451;https://www.kanin.si/;;forfait;site injoignable (pas de réponse);;;;;;;
si-spanov-vrh;Španov vrh;Slovénie;Upper Carniola;;1;0;948;1328;46.46099;14.05930;;;forfait;aucun site web connu (OpenSkiMap n'en publie pas);;;;;;;
si-stari-vrh;Stari Vrh;Slovénie;Upper Carniola;;5;7.1;593;1183;46.17604;14.18718;https://www.starivrh.si/;https://starivrh.si/cenik/;forfait;site visité, rien d'exploitable dans ses métadonnées ni ses tableaux;;;;;;;
si-sviscaki;Sviščaki;Slovénie;Littoral–Inner Carniola;;2;0;1213;1304;45.57616;14.40055;;;photo et forfait;aucun site web connu (OpenSkiMap n'en publie pas);;;;;;;
si-velika-planina;Velika planina;Slovénie;Central Slovenia;;0;0;;;46.29870;14.65269;https://www.velikaplanina.si/;;photo;site refusé (robots.txt ou 429);;;;;;;
si-velika-planina-463013m146258;Velika planina;Slovénie;Central Slovenia;;4;2.8;1408;1664;46.30134;14.62582;https://www.velikaplanina.si;;forfait;site refusé (robots.txt ou 429);;;;;;;
si-vogel;Vogel;Slovénie;Upper Carniola;;9;14.7;572;1790;46.25777;13.83308;https://vogel.si/;;forfait;site visité, rien d'exploitable dans ses métadonnées ni ses tableaux;;;;;;;
si-vuhred;Vuhred;Slovénie;Carinthia;;1;0;362;477;46.59236;15.23875;;;photo et forfait;aucun site web connu (OpenSkiMap n'en publie pas);;;;;;;
sk-bane;Bane;Slovaquie;Zilina;;2;0.6;796;901;49.12521;19.73105;https://www.jakubovany.sk/obec-2/sport/zimne-sporty/klasicke-lyzovanie/;;photo et forfait;site visité, rien d'exploitable dans ses métadonnées ni ses tableaux;;;;;;;
sk-brezovica;Brezovica;Slovaquie;Zilina;;1;0;751;922;49.32733;19.66362;https://www.brezovica-ski.net/;;photo;site injoignable (404);;;;;;;
sk-cechy;Čechy;Slovaquie;Nitriansky kraj;;1;0;158;189;48.02754;18.37168;https://www.obeccechy.sk/obec-1/kultura-a-sport-v-obci/sportove-kluby/lyziarsky-vlek/lyziarsky-vlek-/;;photo et forfait;site visité, rien d'exploitable dans ses métadonnées ni ses tableaux;;;;;;;
sk-chopok-juh;Chopok Juh;Slovaquie;Banska Bystrica;;7;15.8;1084;1963;48.93266;19.58851;https://www.jasna.sk/;https://www.jasna.sk/ubytovanie;forfait;site visité, rien d'exploitable dans ses métadonnées ni ses tableaux;;;;;;;
sk-helpa;Heľpa;Slovaquie;Banska Bystrica;Heľpa;1;0.4;744;818;48.87242;19.97146;https://www.lavex.sk/ls10helpa.htm;;photo et forfait;site visité, rien d'exploitable dans ses métadonnées ni ses tableaux;;;;;;;
sk-hlobisov;Hlobišov;Slovaquie;Banska Bystrica;;1;1.9;581;803;48.77910;19.57561;https://skihlobisov.sk/home1;;photo;site injoignable (404);;;;;;;
sk-holy-diel;Holý diel;Slovaquie;Zilina;;2;0;558;820;49.14563;18.79733;https://www.holydiel.sk/;;photo et forfait;site injoignable (pas de réponse);;;;;;;
sk-hradok;Hrádok;Slovaquie;Zilina;Bystrička;1;0.4;547;664;49.05243;18.86566;;;photo et forfait;aucun site web connu (OpenSkiMap n'en publie pas);;;;;;;
sk-hronec-vlek-majer;Hronec (vlek Majer);Slovaquie;Banska Bystrica;;1;0.5;537;618;48.78149;19.54492;http://poniklec.szm.com/zima.htm;;photo;site visité, rien d'exploitable dans ses métadonnées ni ses tableaux;;;;;;;
sk-jasna-low-tatras;Jasna Low Tatras;Slovaquie;Banska Bystrica;;24;47.7;943;2003;48.95071;19.58830;https://www.jasna.sk/;https://www.jasna.sk/ubytovanie;forfait;site visité, rien d'exploitable dans ses métadonnées ni ses tableaux;;;;;;;
sk-liptovska-teplicka;Liptovská Teplička;Slovaquie;Presov;;3;0.8;878;982;48.97465;20.09924;;;photo;aucun site web connu (OpenSkiMap n'en publie pas);;;;;;;
sk-liptovska-teplicka-smreciny;Liptovská Teplička - Smrečiny;Slovaquie;Presov;;4;4.8;952;1254;48.96247;20.06534;https://www.skiteplicka.eu/;https://skiteplicka.eu/cennik/;photo et forfait;site visité, rien d'exploitable dans ses métadonnées ni ses tableaux;;;;;;;
sk-lyziarsky-vlek-olesna-potocky;Lyžiarsky vlek Olešná - Potôčky;Slovaquie;Zilina;;1;0;520;590;49.43655;18.65569;https://www.obecolesna.sk/sk/volny-cas/129-vlek;;forfait;site visité, rien d'exploitable dans ses métadonnées ni ses tableaux;;;;;;;
sk-martinske-hole-490942m188287;Martinské hole;Slovaquie;Zilina;;4;7.9;1149;1444;49.09425;18.82870;;;photo et forfait;aucun site web connu (OpenSkiMap n'en publie pas);;;;;;;
sk-medvedie;Medvedie;Slovaquie;Presov;;3;1.4;394;527;49.40512;21.63002;;;photo et forfait;aucun site web connu (OpenSkiMap n'en publie pas);;;;;;;
sk-nalepkovo-krecno;Nálepkovo - Krečno;Slovaquie;Kosice;;1;0;533;631;48.83503;20.61986;;;photo et forfait;aucun site web connu (OpenSkiMap n'en publie pas);;;;;;;
sk-rejkovo;Rejkovo;Slovaquie;Banska Bystrica;;1;2;410;686;48.66332;19.92795;;;photo et forfait;aucun site web connu (OpenSkiMap n'en publie pas);;;;;;;
sk-serkov;Šerkov;Slovaquie;Zilina;Kysucký Lieskovec;1;0.7;399;591;49.34315;18.79635;https://www.chatastart.sk/?sk_lyziarsky-vlek,4;https://www.chatastart.sk/cennik;forfait;site visité, rien d'exploitable dans ses métadonnées ni ses tableaux;;;;;;;
sk-ski-bezovec-486684m179682;Ski Bezovec;Slovaquie;Trenciansky kraj;;3;2.2;466;706;48.66841;17.96815;https://www.skibezovec.sk/;https://www.skibezovec.sk/cennik/;forfait;site visité, rien d'exploitable dans ses métadonnées ni ses tableaux;;;;;;;
sk-ski-bukovina-turzovka;SKI Bukovina Turzovka;Slovaquie;Zilina;;2;0;514;630;49.39653;18.64150;;;photo et forfait;aucun site web connu (OpenSkiMap n'en publie pas);;;;;;;
sk-ski-centrum-demanova;SKI centrum Demänová;Slovaquie;Zilina;;2;0.5;646;692;49.05285;19.58488;https://skidemanova.sk/;;forfait;site visité, rien d'exploitable dans ses métadonnées ni ses tableaux;;;;;;;
sk-ski-dubovica;Ski Dubovica;Slovaquie;Presov;;2;4;521;782;49.11045;20.94540;;;photo et forfait;aucun site web connu (OpenSkiMap n'en publie pas);;;;;;;
sk-ski-strelniky;Ski Strelníky;Slovaquie;Banska Bystrica;;1;0.4;689;762;48.71571;19.40465;;;forfait;aucun site web connu (OpenSkiMap n'en publie pas);;;;;;;
sk-ski-tmg-poruba;Ski TMG Poruba;Slovaquie;Trenciansky kraj;;1;0.9;468;682;48.85044;18.57611;;;forfait;aucun site web connu (OpenSkiMap n'en publie pas);;;;;;;
sk-ski-tmg-remata;Ski-TMG Remata;Slovaquie;Trenciansky kraj;;1;0.4;499;582;48.75179;18.80210;https://remata.sk/lyzovanie/;;photo;site visité, rien d'exploitable dans ses métadonnées ni ses tableaux;;;;;;;
sk-skipark-erika;Skipark Erika;Slovaquie;Kosice;;1;0;1146;1204;48.76150;21.07704;;;photo et forfait;aucun site web connu (OpenSkiMap n'en publie pas);;;;;;;
sk-skorusina;Skorušiná;Slovaquie;Banska Bystrica;;2;5.7;699;1031;48.66059;19.75376;;;photo et forfait;aucun site web connu (OpenSkiMap n'en publie pas);;;;;;;
sk-stos-sikma-stran;Štós - Šikmá stráň;Slovaquie;Kosice;;1;0.5;440;565;48.70491;20.79785;;;photo et forfait;aucun site web connu (OpenSkiMap n'en publie pas);;;;;;;
sk-tatrapoma-f-taskovka;Tatrapoma F Ťaskovka;Slovaquie;Zilina;;0;0;737;815;49.45143;19.45980;https://poi.oma.sk/w829570539;;photo et forfait;site injoignable (404);;;;;;;
sk-tisovec-banovo;Tisovec - Bánovo;Slovaquie;Banska Bystrica;;1;0;611;812;48.71331;19.85724;;;photo et forfait;aucun site web connu (OpenSkiMap n'en publie pas);;;;;;;
sk-vojsin-mala-lehota;Vojšín Malá Lehota;Slovaquie;Banska Bystrica;;1;1.2;604;784;48.48586;18.59185;https://www.lavex.sk/ls08vojsin.htm;;photo et forfait;site visité, rien d'exploitable dans ses métadonnées ni ses tableaux;;;;;;;
sk-vysne-kratke;Vyšné Krátke;Slovaquie;Zilina;;1;0;502;664;49.09170;19.14430;;;photo et forfait;aucun site web connu (OpenSkiMap n'en publie pas);;;;;;;
tr-abal-kayak-merkezi;Abalı Kayak Merkezi;Turquie;Van;;2;0;1889;2440;38.26362;43.20797;;;photo et forfait;aucun site web connu (OpenSkiMap n'en publie pas);;;;;;;
tr-akdag-kayak-merkezi;Akdağ Kayak Merkezi;Turquie;Samsun;;2;0;1516;1767;40.87340;35.91292;;;photo et forfait;aucun site web connu (OpenSkiMap n'en publie pas);;;;;;;
tr-ardahan;Ardahan;Turquie;Ardahan;;0;0;;;41.04677;42.52217;;;photo et forfait;aucun site web connu (OpenSkiMap n'en publie pas);;;;;;;
tr-bingol-hasarek;Bingöl Hasarek;Turquie;Bingol;;1;0;1903;2251;38.88184;40.28739;;;photo et forfait;aucun site web connu (OpenSkiMap n'en publie pas);;;;;;;
tr-cambasi;Cambasi;Turquie;Ordu;;2;0;1751;1996;40.62977;37.93735;;;photo et forfait;aucun site web connu (OpenSkiMap n'en publie pas);;;;;;;
tr-davraz-dag;Davraz Dağı;Turquie;Isparta;;7;13.8;1643;2349;37.77003;30.75126;https://davrazkayakmerkezi.org;;photo et forfait;site injoignable (pas de réponse);;;;;;;
tr-denizli-kayak-merkezi;Denizli Kayak Merkezi;Turquie;Denizli;;4;9.1;1903;2296;37.30877;29.19035;https://www.denizlikayak.com/;;photo et forfait;site injoignable (403);;;;;;;
tr-ergan-dag-k-s-sporlar-turizm-merkezi-ergan-mountain-winter-sports-and-eco-tourism-center;Ergan Dağı Kış Sporları Turizm Merkezi, Ergan Mountain Winter Sports and Eco-Tourism Center;Turquie;Erzincan;;5;0;1740;2977;39.61581;39.50105;https://ergankayak.com/;;forfait;site visité, rien d'exploitable dans ses métadonnées ni ses tableaux;;;;;;;
tr-ilgaz-2-yurduntepe-kayak-merkezi;Ilgaz-2 Yurduntepe Kayak Merkezi;Turquie;Kastamonu;;2;5.6;1834;2326;41.06414;33.68937;;;photo et forfait;aucun site web connu (OpenSkiMap n'en publie pas);;;;;;;
tr-ilgaz-kayak-merkezi-ilgaz-ski-resort;Ilgaz Kayak Merkezi, Ilgaz Ski Resort;Turquie;Cankiri;;4;3.8;1792;1995;41.06818;33.73369;;;photo et forfait;aucun site web connu (OpenSkiMap n'en publie pas);;;;;;;
tr-kartepe;Kartepe;Turquie;Kocaeli;;5;9.4;1249;1589;40.64740;30.09849;;;photo et forfait;aucun site web connu (OpenSkiMap n'en publie pas);;;;;;;
tr-kayseri-erciyes;Kayseri-Erciyes;Turquie;Kayseri;;17;48.3;2088;3339;38.55778;35.49292;https://www.kayserierciyes.com.tr/;;photo et forfait;site visité, rien d'exploitable dans ses métadonnées ni ses tableaux;;;;;;;
tr-keltepe;Keltepe;Turquie;Karabuk;;2;0;1484;1717;41.06378;32.46393;;;photo et forfait;aucun site web connu (OpenSkiMap n'en publie pas);;;;;;;
tr-konakl-kayak-merkezi;Konaklı Kayak Merkezi;Turquie;Erzurum;;6;20.9;2324;3130;39.78035;41.20761;;;photo et forfait;aucun site web connu (OpenSkiMap n'en publie pas);;;;;;;
tr-nemrut-kayak-merkezi;Nemrut Kayak Merkezi;Turquie;Bitlis;;1;0;2244;2775;38.58245;42.26698;;;photo et forfait;aucun site web connu (OpenSkiMap n'en publie pas);;;;;;;
tr-ovac-k-kayak-merkezi;Ovacık Kayak Merkezi;Turquie;Tunceli;;1;0;1265;1416;39.34367;39.21448;;;photo et forfait;aucun site web connu (OpenSkiMap n'en publie pas);;;;;;;
tr-palandoken-kayak-merkezi;Palandöken Kayak Merkezi;Turquie;Erzurum;;16;29.5;2146;3146;39.84730;41.28917;;;photo et forfait;aucun site web connu (OpenSkiMap n'en publie pas);;;;;;;
tr-sakl-kent;Saklıkent;Turquie;Antalya;;2;3.8;1892;2371;36.83180;30.32970;https://www.saklikent.com.tr/Default.aspx;;forfait;site visité, rien d'exploitable dans ses métadonnées ni ses tableaux;;;;;;;
tr-sar-kam-s-c-b-ltepe;Sarıkamış Cıbıltepe;Turquie;Kars;;3;14.5;2152;2631;40.30399;42.59877;;;photo et forfait;aucun site web connu (OpenSkiMap n'en publie pas);;;;;;;
tr-snowland-ski-park;Snowland Ski Park;Turquie;Ankara Province;Ankara;0;0;;;39.84514;32.86130;;;photo et forfait;aucun site web connu (OpenSkiMap n'en publie pas);;;;;;;
tr-uludag-kayak-merkezi;Uludağ Kayak Merkezi;Turquie;Bursa;Bursa;28;14.7;1782;2136;40.12997;29.12839;https://www.uludaginfo.com/;https://www.uludaginfo.com/sayfa/uludag-skipass-fiyatlari;forfait;site visité, rien d'exploitable dans ses métadonnées ni ses tableaux;;;;;;;
tr-yedikuyular;Yedikuyular;Turquie;K. Maras;;2;0;1832;2035;37.64155;37.03931;https://yedikuyular.org/;;photo et forfait;site visité, rien d'exploitable dans ses métadonnées ni ses tableaux;;;;;;;
tr-yildiz-dagi;Yildiz Dagi;Turquie;Sivas;;3;0;1741;2331;40.12936;36.92912;;;photo et forfait;aucun site web connu (OpenSkiMap n'en publie pas);;;;;;;
tr-zigana;Zigana;Turquie;Gumushane;;1;0;2039;2192;40.64383;39.40048;;;photo et forfait;aucun site web connu (OpenSkiMap n'en publie pas);;;;;;;
ua-482024m261860;Горбова;Ukraine;Chernivtsi;;2;1.4;147;188;48.20235;26.18604;;;photo et forfait;aucun site web connu (OpenSkiMap n'en publie pas);;;;;;;
ua-486446m229687;Ведмежа;Ukraine;Zakarpattia;;3;1;327;445;48.64463;22.96869;;;photo et forfait;aucun site web connu (OpenSkiMap n'en publie pas);;;;;;;
ua-495653m256295;"Спортивно-розважальний комплекс ""Савич-парк""";Ukraine;Ternopil;Ternopil;3;0.5;328;355;49.56529;25.62951;https://savich-park.te.ua/;;forfait;site visité, rien d'exploitable dans ses métadonnées ni ses tableaux;;;;;;;
ua-bukovytsia;Bukovytsia;Ukraine;Lviv;;4;1.8;406;566;49.26502;23.45259;https://bukovytsia.com/;;forfait;site visité, rien d'exploitable dans ses métadonnées ni ses tableaux;;;;;;;
ua-bukowina;Буковель, Bukowina;Ukraine;Ivano-Frankivs'k;;27;58.3;880;1370;48.36138;24.39600;https://bukovel.com/;;photo;site refusé (robots.txt ou 429);;;;;;;
ua-drahobrat;Драгобрат, Drahobrat;Ukraine;Zakarpattia;;14;10;1323;1706;48.24339;24.23669;;;photo et forfait;aucun site web connu (OpenSkiMap n'en publie pas);;;;;;;
ua-emily-resort;Emily Resort;Ukraine;Lviv;;1;1.2;278;352;49.81445;24.12016;https://www.emilyresort.com.ua/en/#tabs-29;;forfait;site visité, rien d'exploitable dans ses métadonnées ni ses tableaux;;;;;;;
ua-izki;Izki;Ukraine;Zakarpattia;;1;0;606;775;48.63819;23.34489;;;photo;aucun site web connu (OpenSkiMap n'en publie pas);;;;;;;
ua-krasiya;Krasiya - КРАСИЯ;Ukraine;Zakarpattia;;3;5.4;422;1010;48.93777;22.66537;https://krasiya.com.ua/en/;;photo;site refusé (robots.txt ou 429);;;;;;;
ua-makovitsya;Makovitsya;Ukraine;Zakarpattia;;1;2.9;442;697;48.49495;23.49626;;;photo et forfait;aucun site web connu (OpenSkiMap n'en publie pas);;;;;;;
ua-migovo;Migovo;Ukraine;Chernivtsi;;5;1.5;502;709;48.12912;25.35190;https://migovo.com.ua/winter/;;photo;site injoignable (pas de réponse);;;;;;;
ua-pylypets;Pylypets;Ukraine;Zakarpattia;;5;2.3;703;1165;48.65218;23.27862;;;photo et forfait;aucun site web connu (OpenSkiMap n'en publie pas);;;;;;;
ua-slavske-menchil;Slavske - Menchil;Ukraine;Lviv;;2;4.7;769;1082;48.87466;23.41937;;;photo et forfait;aucun site web connu (OpenSkiMap n'en publie pas);;;;;;;
ua-slavske-pohar;Slavske - Pohar;Ukraine;Lviv;;2;1.9;590;799;48.84870;23.46637;https://www.facebook.com/gorapogar.slavske/;;photo et forfait;site injoignable (400);;;;;;;
ua-slavske-trostyan;Slavske - Trostyan;Ukraine;Lviv;;7;9.7;759;1233;48.86163;23.40124;;;photo et forfait;aucun site web connu (OpenSkiMap n'en publie pas);;;;;;;
ua-slavske-zahar-berkut;Slavske - Zahar Berkut;Ukraine;Lviv;;5;6.8;678;1213;48.79334;23.46107;https://zaharberkut.ua/;;forfait;site visité, rien d'exploitable dans ses métadonnées ni ses tableaux;;;;;;;
ua-velykyj;Velykyj;Ukraine;Zakarpattia;;1;1.6;436;592;48.11541;23.89963;https://velykiy.ua/vidpochynok/;;photo et forfait;site injoignable (404);;;;;;;
ua-voievodyno;Воєводино, Voievodyno;Ukraine;Zakarpattia;;1;0.4;344;442;48.65847;22.64028;https://voevodyno.com/;;forfait;site visité, rien d'exploitable dans ses métadonnées ni ses tableaux;;;;;;;
ua-western-rehabilitation-and-sport-center-of-the-national-sports-committee-for-the-disabled-of-ukraine;Західний реабілітаційно-спортивний центр Національного комітету спорту інвалідів України, Заходні рэабілітацыйна-спартыўны цэнтр Нацыянальнага камітэта спорту інвалідаў Украіны, Western Rehabilitation and Sport Center of the National Sports Committee for the Disabled of Ukraine;Ukraine;Lviv;;1;1.8;717;928;49.03536;22.93032;https://westsportcenter.com.ua/;;photo et forfait;site injoignable (403);;;;;;;
xk-ski-center-brezovica;Ski Center Brezovica;XK;Ferizaj;;8;7.2;1700;2261;42.17542;21.04460;https://www.brezovica-ski.net/;;photo et forfait;site injoignable (404);;;;;;;
